,z-depth,object,cell_temperature,cell_pressure,cell_fO2,cell_conc,object_conc,cell_moles,object_moles,object_temperature,D,cell_bulk_moles,cell_bulk_conc
0,601.0,A6992,2000.027053205,0.0008437499999999999,-2.25,1.0351885083138609e-08,2.5716598847902335e-06,2.2360071779579394,6.820517457897763e-11,2000.0,248.42430766344316,2.2360071780261443,2.582011769873372e-06
1,1200.6999250335875,A6992,2000.0450886749998,0.00140625,-2.25,1.0351885083296395e-08,2.572426172598743e-06,2.2360071779920214,6.822549794835717e-11,2000.0,248.49833164681857,2.236007178060247,2.5827780576820394e-06
2,1800.399850067175,A6992,2000.063124145,0.00196875,-2.25,1.0351885083454231e-08,2.5731926749150163e-06,2.2360071780261137,6.824582700687918e-11,2000.0,248.57237635180448,2.2360071780943596,2.5835445599984705e-06
3,2400.0997751007626,A6992,2000.063124145,0.00196875,-2.25,1.0351885083454231e-08,2.573192674915016e-06,2.2360071780261137,6.824582700687917e-11,2000.0,248.57237635180448,2.2360071780943596,2.58354455999847e-06
4,2999.79970013435,A6992,2000.0811596149997,0.0025312499999999996,-2.25,1.0351885083454231e-08,2.573959391755848e-06,2.2360071780261137,6.82661617549891e-11,2000.0,248.64644178381525,2.23600717809438,2.5843112768393023e-06
5,3599.4996251679377,A6992,2000.0991950849998,0.0030937499999999997,-2.25,1.0351885083454231e-08,2.5747263232165236e-06,2.2360071780261137,6.828650219521404e-11,2000.0,248.72052794826666,2.2360071780944004,2.5850782082999777e-06
6,4199.199550201525,A6992,2000.1172305549999,0.0036562499999999998,-2.25,1.0351885083454231e-08,2.575493469353125e-06,2.2360071780261137,6.830684832904145e-11,2000.0,248.79463485057647,2.2360071780944204,2.5858453544365793e-06
7,4798.899475235113,A6992,2000.1352660250002,0.00421875,-2.25,1.0351885083454231e-08,2.5762608302217446e-06,2.2360071780261137,6.832720015795895e-11,2000.0,248.86876249616307,2.236007178094441,2.5866127153051987e-06
8,5398.5994002687,A6992,2000.153301495,0.004781249999999999,-2.25,1.0351885083454231e-08,2.5770284058784855e-06,2.2360071780261137,6.834755768345454e-11,2000.0,248.94291089044611,2.2360071780944613,2.5873802909619396e-06
9,5998.299325302288,A6992,2000.171336965,0.005343749999999999,-2.25,1.0351885083454231e-08,2.5777961963794753e-06,2.2360071780261137,6.83679209070168e-11,2000.0,249.01708003884758,2.2360071780944817,2.5881480814629294e-06
10,6597.999250335875,A6992,2000.1893724350002,0.005906249999999999,-2.25,1.0351885083454231e-08,2.578564201780842e-06,2.2360071780261137,6.838828983013436e-11,2000.0,249.0912699467895,2.236007178094502,2.588916086864296e-06
11,7197.699175369463,A6992,2000.2074079049999,0.006468749999999999,-2.25,1.0351885083454231e-08,2.5793324221387365e-06,2.2360071780261137,6.840866445429645e-11,2000.0,249.16548061969604,2.2360071780945225,2.5896843072221906e-06
12,7797.39910040305,A6992,2000.2254433749997,0.007031249999999999,-2.25,1.0351885083454231e-08,2.5801008575093126e-06,2.2360071780261137,6.842904478099237e-11,2000.0,249.2397120629918,2.236007178094543,2.5904527425927667e-06
13,8397.099025436639,A6992,2000.243478845,0.00759375,-2.25,1.0351885083454231e-08,2.580869507948757e-06,2.2360071780261137,6.844943081171228e-11,2000.0,249.31396428210434,2.236007178094563,2.5912213930322112e-06
14,8996.798950470227,A6992,2000.261514315,0.00815625,-2.25,1.0351885083454231e-08,2.5816383735132462e-06,2.2360071780261137,6.846982254794611e-11,2000.0,249.38823728246038,2.2360071780945834,2.5919902585967003e-06
15,9596.498875503816,A6992,2000.279549785,0.008718749999999999,-2.25,1.0351885083454231e-08,2.5824074542589873e-06,2.2360071780261137,6.849021999118455e-11,2000.0,249.4625310694896,2.236007178094604,2.5927593393424414e-06
16,10196.198800537404,A6992,2000.297585255,0.00928125,-2.25,1.0351885083454231e-08,2.5831767502421996e-06,2.2360071780261137,6.851062314291867e-11,2000.0,249.5368456486229,2.2360071780946242,2.5935286353256537e-06
17,10795.898725570993,A6992,2000.3156207250001,0.009843749999999998,-2.25,1.0351885083454231e-08,2.5839462615191066e-06,2.2360071780261137,6.853103200463959e-11,2000.0,249.61118102529127,2.2360071780946447,2.5942981466025607e-06
18,11395.598650604581,A6992,2000.333656195,0.010406249999999999,-2.25,1.0351885083454231e-08,2.584715988145953e-06,2.2360071780261137,6.855144657783904e-11,2000.0,249.6855372049283,2.236007178094665,2.595067873229407e-06
19,11995.29857563817,A6992,2000.3516916649999,0.01096875,-2.25,1.0351885083454231e-08,2.585485930178992e-06,2.2360071780261137,6.857186686400896e-11,2000.0,249.7599141929678,2.2360071780946855,2.5958378152624462e-06
20,12594.998500671758,A6992,2000.3697271350002,0.01153125,-2.25,1.0351885083454231e-08,2.5862560876744997e-06,2.2360071780261137,6.85922928646419e-11,2000.0,249.8343119948463,2.236007178094706,2.596607972757954e-06
21,13194.698425705346,A6992,2000.3877626049998,0.012093749999999999,-2.25,1.0351885083454231e-08,2.587026460688752e-06,2.2360071780261137,6.861272458123038e-11,2000.0,249.90873061599999,2.2360071780947264,2.597378345772206e-06
22,13794.398350738935,A6992,2000.405798075,0.01265625,-2.25,1.0351885083454231e-08,2.587797049278054e-06,2.2360071780261137,6.863316201526774e-11,2000.0,249.98317006186798,2.236007178094747,2.598148934361508e-06
23,14394.098275772523,A6992,2000.423833545,0.01321875,-2.25,1.0351885083454231e-08,2.5885678534987095e-06,2.2360071780261137,6.865360516824724e-11,2000.0,250.05763033788938,2.2360071780947672,2.5989197385821637e-06
24,14993.798200806112,A6992,2000.4418690150003,0.013781249999999998,-2.25,1.0351885083454231e-08,2.589338873407044e-06,2.2360071780261137,6.867405404166276e-11,2000.0,250.13211144950517,2.2360071780947877,2.599690758490498e-06
25,15593.4981258397,A6992,2000.4599044850002,0.014343749999999999,-2.25,1.0351885083454231e-08,2.590110109059398e-06,2.2360071780261137,6.869450863700852e-11,2000.0,250.2066134021579,2.236007178094808,2.600461994142852e-06
26,16193.198050873289,A6992,2000.477939955,0.01490625,-2.25,1.0351885083454231e-08,2.5908815605121225e-06,2.2360071780261137,6.871496895577909e-11,2000.0,250.2811362012911,2.2360071780948285,2.6012334455955767e-06
27,16792.897975906875,A6992,2000.495975425,0.015468750000000002,-2.25,1.0351885083454231e-08,2.59165322782158e-06,2.2360071780261137,6.873543499946928e-11,2000.0,250.35567985234948,2.236007178094849,2.602005112905034e-06
28,17392.597900940462,A6992,2000.514010895,0.016031249999999997,-2.25,1.0351885083454231e-08,2.5924251110441542e-06,2.2360071780261137,6.87559067695745e-11,2000.0,250.43024436077974,2.23600717809487,2.6027769961276083e-06
29,17992.29782597405,A6992,2000.5320463649998,0.016593749999999997,-2.25,1.0351885083454231e-08,2.5931972102362293e-06,2.2360071780261137,6.877638426759018e-11,2000.0,250.5048297320287,2.2360071780948902,2.6035490953196834e-06
30,18591.997751007635,A6992,2000.5500818350001,0.017156249999999998,-2.25,1.0351885083454231e-08,2.593969525454222e-06,2.2360071780261137,6.879686749501256e-11,2000.0,250.57943597154596,2.2360071780949107,2.604321410537676e-06
31,19191.69767604122,A6992,2000.5681173049998,0.01771875,-2.25,1.0351885083454231e-08,2.594742056754546e-06,2.2360071780261137,6.881735645333786e-11,2000.0,250.65406308478148,2.236007178094931,2.605093941838e-06
32,19791.39760107481,A6992,2000.586152775,0.01828125,-2.25,1.0351885083454231e-08,2.5955148041936325e-06,2.2360071780261137,6.883785114406274e-11,2000.0,250.7287110771865,2.2360071780949515,2.6058666892770866e-06
33,20391.097526108395,A6992,2000.604188245,0.01884375,-2.25,1.0351885083454231e-08,2.596287767827935e-06,2.2360071780261137,6.885835156868445e-11,2000.0,250.8033799542143,2.236007178094972,2.6066396529113892e-06
34,20990.79745114198,A6992,2000.6222237150002,0.01940625,-2.25,1.0351885083454231e-08,2.597060947713907e-06,2.2360071780261137,6.887885772870023e-11,2000.0,250.87806972131835,2.2360071780949924,2.607412832797361e-06
35,21590.49737617557,A6992,2000.640259185,0.019968749999999997,-2.25,1.0351885083454231e-08,2.5978343439080296e-06,2.2360071780261137,6.889936962560808e-11,2000.0,250.9527803839551,2.2360071780950133,2.6081862289914837e-06
36,22190.197301209155,A6992,2000.658294655,0.02053125,-2.25,1.0351885083454231e-08,2.598607956466785e-06,2.2360071780261137,6.891988726090599e-11,2000.0,251.02751194758025,2.2360071780950337,2.608959841550239e-06
37,22789.89722624274,A6992,2000.6763301250003,0.021093749999999998,-2.25,1.0351885083454231e-08,2.599381785446677e-06,2.2360071780261137,6.894041063609256e-11,2000.0,251.10226441765252,2.236007178095054,2.609733670530131e-06
38,23389.597151276328,A6992,2000.694365595,0.02165625,-2.25,1.0351885083454231e-08,2.6001558309042252e-06,2.2360071780261137,6.896093975266679e-11,2000.0,251.1770377996315,2.2360071780950745,2.6105077159876793e-06
39,23989.297076309915,A6992,2000.7124010649998,0.022218749999999995,-2.25,1.0351885083454231e-08,2.600930092895952e-06,2.2360071780261137,6.898147461212777e-11,2000.0,251.25183209897753,2.236007178095095,2.611281977979406e-06
40,24588.9970013435,A6992,2000.730436535,0.022781250000000003,-2.25,1.0351885083454231e-08,2.6017045714784014e-06,2.2360071780261137,6.900201521597514e-11,2000.0,251.3266473211526,2.236007178095116,2.6120564565618555e-06
41,25188.696926377088,A6992,2000.7484720049997,0.023343749999999996,-2.25,1.0351885083454231e-08,2.602479266708132e-06,2.2360071780261137,6.902256156570893e-11,2000.0,251.40148347162037,2.2360071780951363,2.612831151791586e-06
42,25788.396851410675,A6992,2000.7665074749998,0.023906249999999997,-2.25,1.0351885083454231e-08,2.6032541786417115e-06,2.2360071780261137,6.904311366282944e-11,2000.0,251.47634055584533,2.2360071780951567,2.6136060637251656e-06
43,26388.09677644426,A6992,2000.7845429449999,0.024468749999999997,-2.25,1.0351885083454231e-08,2.6040293073357284e-06,2.2360071780261137,6.906367150883749e-11,2000.0,251.551218579294,2.2360071780951776,2.6143811924191825e-06
44,26987.796701477848,A6992,2000.8025784150002,0.025031249999999994,-2.25,1.0351885083454231e-08,2.6048046528467725e-06,2.2360071780261137,6.908423510523395e-11,2000.0,251.62611754743298,2.236007178095198,2.6151565379302266e-06
45,27587.496626511434,A6992,2000.820613885,0.02559375,-2.25,1.0351885083454231e-08,2.6055802152314606e-06,2.2360071780261137,6.91048044535204e-11,2000.0,251.70103746573147,2.2360071780952184,2.6159321003149148e-06
46,28187.19655154502,A6992,2000.838649355,0.026156250000000002,-2.25,1.0351885083454231e-08,2.6063559945464137e-06,2.2360071780261137,6.912537955519853e-11,2000.0,251.77597833965922,2.2360071780952393,2.616707879629868e-06
47,28786.896476578608,A6992,2000.8566848250002,0.02671875,-2.25,1.0351885083454231e-08,2.607131990848275e-06,2.2360071780261137,6.914596041177063e-11,2000.0,251.85094017468782,2.2360071780952597,2.617483875931729e-06
48,29386.596401612194,A6992,2000.8747202949999,0.027281249999999993,-2.25,1.0351885083454231e-08,2.607908204193692e-06,2.2360071780261137,6.91665470247391e-11,2000.0,251.92592297628966,2.23600717809528,2.618260089277146e-06
49,29986.29632664578,A6992,2000.8927557649997,0.02784375,-2.25,1.0351885083454231e-08,2.6086846346393355e-06,2.2360071780261137,6.918713939560694e-11,2000.0,252.000926749939,2.236007178095301,2.6190365197227896e-06
50,30585.996251679368,A6992,2000.910791235,0.028406249999999997,-2.25,1.0351885083454231e-08,2.6094612822418763e-06,2.2360071780261137,6.920773752587717e-11,2000.0,252.07595150111035,2.2360071780953215,2.6198131673253304e-06
51,31185.696176712954,A6992,2000.9288267050001,0.028968749999999998,-2.25,1.0351885083454231e-08,2.610238147058013e-06,2.2360071780261137,6.922834141705354e-11,2000.0,252.15099723528084,2.236007178095342,2.620590032141467e-06
52,31785.39610174654,A6992,2000.946862175,0.029531249999999995,-2.25,1.0351885083454231e-08,2.611015229144455e-06,2.2360071780261137,6.92489510706401e-11,2000.0,252.22606395792872,2.2360071780953628,2.621367114227909e-06
53,32385.096026780127,A6992,2000.964897645,0.030093750000000002,-2.25,1.0351885083454231e-08,2.611792528557919e-06,2.2360071780261137,6.926956648814108e-11,2000.0,252.30115167453275,2.236007178095383,2.6221444136413733e-06
54,32984.795951813714,A6992,2000.9829331150002,0.030656249999999996,-2.25,1.0351885083454231e-08,2.612570045355144e-06,2.2360071780261137,6.929018767106127e-11,2000.0,252.376260390574,2.236007178095404,2.622921930438598e-06
55,33584.4958768473,A6992,2001.000968585,0.03121875,-2.25,1.0351885083454231e-08,2.6133477795928708e-06,2.2360071780261137,6.93108146209056e-11,2000.0,252.4513901115337,2.2360071780954245,2.623699664676325e-06
56,34184.19580188089,A6992,2001.0190040549999,0.03178125,-2.25,1.0351885083454231e-08,2.614125731327867e-06,2.2360071780261137,6.933144733917959e-11,2000.0,252.5265408428956,2.2360071780954454,2.624477616411321e-06
57,34783.895726914474,A6992,2001.0370395250002,0.03234375,-2.25,1.0351885083454231e-08,2.614903900616907e-06,2.2360071780261137,6.935208582738906e-11,2000.0,252.60171259014425,2.236007178095466,2.6252557857003613e-06
58,35383.59565194806,A6992,2001.0550749949998,0.03290625,-2.25,1.0351885083454231e-08,2.6156822875167765e-06,2.2360071780261137,6.937273008704002e-11,2000.0,252.67690535876508,2.2360071780954867,2.6260341726002306e-06
59,35983.29557698165,A6992,2001.073110465,0.03346874999999999,-2.25,1.0351885083454231e-08,2.6164608920842835e-06,2.2360071780261137,6.939338011963916e-11,2000.0,252.75211915424586,2.236007178095507,2.6268127771677376e-06
60,36582.995502015234,A6992,2001.091145935,0.03403125,-2.25,1.0351885083454228e-08,2.617239714376238e-06,2.2360071780261133,6.941403592669316e-11,2000.0,252.82735398207433,2.2360071780955275,2.627591599459692e-06
61,37182.69542704882,A6992,2001.109181405,0.03459374999999999,-2.25,1.0351885083454228e-08,2.618018754449479e-06,2.2360071780261133,6.943469750970952e-11,2000.0,252.90260984774147,2.236007178095548,2.6283706395329332e-06
62,37782.39535208241,A6992,2001.1272168749997,0.03515625,-2.25,1.0351885083454228e-08,2.618798012360844e-06,2.2360071780261133,6.945536487019566e-11,2000.0,252.97788675673746,2.236007178095569,2.629149897444298e-06
63,38382.095277115994,A6992,2001.145252345,0.035718749999999994,-2.25,1.0351885083454228e-08,2.6195774881671937e-06,2.2360071780261133,6.947603800965962e-11,2000.0,253.05318471455536,2.2360071780955892,2.629929373250648e-06
64,38981.79520214958,A6992,2001.163287815,0.03628125,-2.25,1.0351885083454228e-08,2.620357181925399e-06,2.2360071780261133,6.949671692960975e-11,2000.0,253.1285037266888,2.23600717809561,2.6307090670088532e-06
65,39581.49512718317,A6992,2001.181323285,0.03684375,-2.25,1.0351885083454228e-08,2.6211370936923465e-06,2.2360071780261133,6.951740163155478e-11,2000.0,253.20384379863322,2.2360071780956305,2.6314889787758006e-06
66,40181.19505221675,A6992,2001.1993587549998,0.03740625,-2.25,1.0351885083454228e-08,2.6219172235249315e-06,2.2360071780261133,6.953809211700366e-11,2000.0,253.27920493588468,2.2360071780956514,2.6322691086083856e-06
67,40780.89497725034,A6992,2001.2173942250001,0.037968749999999996,-2.25,1.0351885083454228e-08,2.6226975714800704e-06,2.2360071780261133,6.955878838746593e-11,2000.0,253.35458714394127,2.236007178095672,2.6330494565635245e-06
68,41380.59490228393,A6992,2001.2354296949998,0.03853125,-2.25,1.0351885083454228e-08,2.6234781376146903e-06,2.2360071780261133,6.95794904444514e-11,2000.0,253.42999042830223,2.2360071780956927,2.6338300226981444e-06
69,41980.29482731751,A6992,2001.253465165,0.03909375,-2.25,1.0351885083454228e-08,2.624258921985729e-06,2.2360071780261133,6.960019828947018e-11,2000.0,253.5054147944678,2.2360071780957136,2.634610807069183e-06
70,42579.9947523511,A6992,2001.271500635,0.03965625,-2.25,1.0351885083454228e-08,2.6250399246501404e-06,2.2360071780261133,6.962091192403278e-11,2000.0,253.58086024793988,2.236007178095734,2.6353918097335945e-06
71,43179.69467738469,A6992,2001.2895361050003,0.04021875,-2.25,1.0351885083454228e-08,2.6258211456648915e-06,2.2360071780261133,6.964163134965006e-11,2000.0,253.65632679422137,2.236007178095755,2.6361730307483456e-06
72,43779.39460241827,A6992,2001.307571575,0.04078124999999999,-2.25,1.0351885083454228e-08,2.6266025850869716e-06,2.2360071780261133,6.96623565678335e-11,2000.0,253.73181443881757,2.2360071780957758,2.6369544701704257e-06
73,44379.09452745186,A6992,2001.325607045,0.04134375,-2.25,1.0351885083454228e-08,2.62738424297337e-06,2.2360071780261133,6.968308758009454e-11,2000.0,253.80732318723355,2.236007178095796,2.637736128056824e-06
74,44978.79445248545,A6992,2001.3436425150003,0.04190625,-2.25,1.0351885083454228e-08,2.628166119381095e-06,2.2360071780261133,6.970382438794517e-11,2000.0,253.88285304497654,2.236007178095817,2.638518004464549e-06
75,45578.49437751903,A6992,2001.361677985,0.04246875,-2.25,1.0351885083454228e-08,2.62894821436717e-06,2.2360071780261133,6.972456699289775e-11,2000.0,253.95840401755498,2.236007178095838,2.639300099450624e-06
76,46178.19430255262,A6992,2001.3797134549998,0.04303124999999999,-2.25,1.0351885083454228e-08,2.629730527988636e-06,2.2360071780261133,6.97453153964651e-11,2000.0,254.03397611047905,2.2360071780958584,2.64008241307209e-06
77,46777.89422758621,A6992,2001.397748925,0.04359375,-2.25,1.0351885083454228e-08,2.630513060302539e-06,2.2360071780261133,6.97660696001602e-11,2000.0,254.1095693292594,2.2360071780958792,2.640864945385993e-06
78,47377.59415261979,A6992,2001.4157843949997,0.04415625,-2.25,1.0351885083454228e-08,2.6312958113659422e-06,2.2360071780261133,6.978682960549646e-11,2000.0,254.1851836794085,2.2360071780959,2.6416476964493963e-06
79,47977.29407765338,A6992,2001.4338198649998,0.04471875,-2.25,1.0351885083454228e-08,2.632078781235929e-06,2.2360071780261133,6.980759541398785e-11,2000.0,254.2608191664405,2.236007178095921,2.642430666319383e-06
80,48576.994002686966,A6992,2001.451855335,0.045281249999999995,-2.25,1.0351885083454228e-08,2.632861969969588e-06,2.2360071780261133,6.982836702714844e-11,2000.0,254.33647579587034,2.236007178095942,2.643213855053042e-06
81,49176.69392772055,A6992,2001.4698908050002,0.04584375,-2.25,1.0351885083454228e-08,2.6336453776240234e-06,2.2360071780261133,6.984914444649278e-11,2000.0,254.41215357321423,2.2360071780959623,2.6439972627074775e-06
82,49776.39385275414,A6992,2001.487926275,0.046406249999999996,-2.25,1.0351885083454228e-08,2.634429004256358e-06,2.2360071780261133,6.986992767353582e-11,2000.0,254.48785250399033,2.236007178095983,2.644780889339812e-06
83,50376.093777787726,A6992,2001.505961745,0.04696875,-2.25,1.0351885083454228e-08,2.635212849923725e-06,2.2360071780261133,6.98907167097929e-11,2000.0,254.56357259371777,2.236007178096004,2.6455647350071792e-06
84,50975.79370282131,A6992,2001.5239972150002,0.04753125,-2.25,1.0351885083454228e-08,2.635996914683265e-06,2.2360071780261133,6.991151155677944e-11,2000.0,254.6393138479163,2.236007178096025,2.646348799766719e-06
85,51575.4936278549,A6992,2001.5420326849999,0.04809374999999999,-2.25,1.0351885083454228e-08,2.63678119859215e-06,2.2360071780261133,6.993231221601177e-11,2000.0,254.71507627210886,2.2360071780960458,2.647133083675604e-06
86,52175.193552888486,A6992,2001.5600681549997,0.04865625,-2.25,1.0351885083454228e-08,2.6375657017075477e-06,2.2360071780261133,6.995311868900609e-11,2000.0,254.79085987181782,2.236007178096066,2.647917586791002e-06
87,52774.89347792207,A6992,2001.578103625,0.04921874999999999,-2.25,1.0351885083454228e-08,2.6383504240866474e-06,2.2360071780261133,6.997393097727915e-11,2000.0,254.8666646525677,2.236007178096087,2.6487023091701015e-06
88,53374.59340295566,A6992,2001.5961390950001,0.04978125,-2.25,1.0351885083454228e-08,2.639135365786649e-06,2.2360071780261133,6.9994749082348e-11,2000.0,254.94249061988413,2.236007178096108,2.649487250870103e-06
89,53974.293327989246,A6992,2001.614174565,0.05034374999999999,-2.25,1.0351885083454228e-08,2.639920526864774e-06,2.2360071780261133,7.001557300573029e-11,2000.0,255.01833777929482,2.236007178096129,2.6502724119482282e-06
90,54573.99325302283,A6992,2001.6322100349998,0.05090624999999999,-2.25,1.0351885083454228e-08,2.64070590737825e-06,2.2360071780261133,7.003640274894375e-11,2000.0,255.09420613632776,2.2360071780961497,2.6510577924617042e-06
91,55173.69317805642,A6992,2001.6502455050002,0.05146875,-2.25,1.0351885083454228e-08,2.6414915073843173e-06,2.2360071780261133,7.005723831350653e-11,2000.0,255.1700956965126,2.2360071780961706,2.6518433924677714e-06
92,55773.393103090006,A6992,2001.668280975,0.05203125,-2.25,1.0351885083454228e-08,2.64227732694024e-06,2.2360071780261133,7.007807970093738e-11,2000.0,255.24600646538104,2.2360071780961914,2.652629212023694e-06
93,56373.09302812359,A6992,2001.6863164449999,0.052593749999999995,-2.25,1.0351885083454228e-08,2.6430633661032877e-06,2.2360071780261133,7.009892691275518e-11,2000.0,255.32193844846537,2.2360071780962123,2.6534152511867418e-06
94,56972.79295315718,A6992,2001.7043519150002,0.05315625,-2.25,1.0351885083454228e-08,2.643849624930741e-06,2.2360071780261133,7.011977995047914e-11,2000.0,255.39789165129895,2.236007178096233,2.654201510014195e-06
95,57572.492878190766,A6992,2001.7223873849998,0.05371874999999999,-2.25,1.0351885083454228e-08,2.6446361034799003e-06,2.2360071780261133,7.014063881562897e-11,2000.0,255.473866079417,2.236007178096254,2.6549879885633545e-06
96,58172.19280322435,A6992,2001.740422855,0.054281249999999996,-2.25,1.0351885083454228e-08,2.6454228018080844e-06,2.2360071780261133,7.016150350972484e-11,2000.0,255.5498617383566,2.236007178096275,2.6557746868915385e-06
97,58771.89272825794,A6992,2001.758458325,0.05484375,-2.25,1.0351885083454228e-08,2.646209719972616e-06,2.2360071780261133,7.018237403428709e-11,2000.0,255.62587863365516,2.236007178096296,2.6565616050560703e-06
98,59371.592653291525,A6992,2001.776493795,0.05540624999999999,-2.25,1.0351885083454228e-08,2.6469968580308338e-06,2.2360071780261133,7.020325039083642e-11,2000.0,255.70191677085162,2.2360071780963167,2.657348743114288e-06
99,59971.29257832511,A6992,2001.7945292649997,0.05596875,-2.25,1.0351885083454228e-08,2.647784216040095e-06,2.2360071780261133,7.022413258089406e-11,2000.0,255.7779761554868,2.2360071780963375,2.658136101123549e-06
100,60570.9925033587,A6992,2001.812564735,0.056531249999999984,-2.25,1.0351885083454228e-08,2.648571794057768e-06,2.2360071780261133,7.024502060598154e-11,2000.0,255.85405679310242,2.2360071780963584,2.658923679141222e-06
101,61170.692428392285,A6992,2001.830600205,0.05709375,-2.25,1.0351885083454228e-08,2.6493595921412342e-06,2.2360071780261133,7.02659144676207e-11,2000.0,255.93015868924167,2.2360071780963793,2.6597114772246883e-06
102,61770.39235342587,A6992,2001.848635675,0.05765624999999999,-2.25,1.0351885083454228e-08,2.650147610347889e-06,2.2360071780261133,7.028681416733378e-11,2000.0,256.0062818494489,2.2360071780964,2.6604994954313432e-06
103,62370.09227845946,A6992,2001.8666711449998,0.05821874999999999,-2.25,1.0351885083454228e-08,2.650935848735143e-06,2.2360071780261133,7.030771970664344e-11,2000.0,256.08242627927007,2.236007178096421,2.6612877338185973e-06
104,62969.792203493045,A6992,2001.8847066150001,0.05878125,-2.25,1.0351885083454228e-08,2.6517243073604232e-06,2.2360071780261133,7.03286310870727e-11,2000.0,256.15859198425267,2.236007178096442,2.6620761924438774e-06
105,63569.49212852663,A6992,2001.9027420849998,0.05934375,-2.25,1.0351885083454228e-08,2.6525129862811636e-06,2.2360071780261133,7.034954831014485e-11,2000.0,256.23477896994484,2.2360071780964628,2.6628648713646177e-06
106,64169.19205356022,A6992,2001.920777555,0.059906249999999994,-2.25,1.0351885083454228e-08,2.6533018855548134e-06,2.2360071780261133,7.037047137738354e-11,2000.0,256.3109872418963,2.2360071780964836,2.6636537706382675e-06
107,64768.891978593805,A6992,2001.938813025,0.06046875,-2.25,1.0351885083454228e-08,2.6540910052388425e-06,2.2360071780261133,7.039140029031298e-11,2000.0,256.38721680565857,2.2360071780965045,2.6644428903222967e-06
108,65368.59190362739,A6992,2001.9568484950003,0.061031249999999995,-2.25,1.0351885083454228e-08,2.65488034539073e-06,2.2360071780261133,7.041233505045762e-11,2000.0,256.46346766678425,2.2360071780965254,2.665232230474184e-06
109,65968.29182866098,A6992,2001.9748839650001,0.061593749999999996,-2.25,1.0351885083454228e-08,2.6556699060679652e-06,2.2360071780261133,7.04332756593422e-11,2000.0,256.5397398308269,2.2360071780965467,2.6660217911514193e-06
110,66567.99175369457,A6992,2001.992919435,0.062156249999999996,-2.25,1.0351885083454228e-08,2.6564596873280604e-06,2.2360071780261133,7.045422211849201e-11,2000.0,256.616033303342,2.2360071780965676,2.6668115724115145e-06
111,67167.69167872817,A6992,2002.0109549050003,0.06271874999999999,-2.25,1.0351885083454228e-08,2.65724968922853e-06,2.2360071780261133,7.047517442943247e-11,2000.0,256.6923480898858,2.2360071780965884,2.667601574311984e-06
112,67767.39160376176,A6992,2002.028990375,0.06328125,-2.25,1.0351885083454228e-08,2.6580399118269157e-06,2.2360071780261133,7.049613259368971e-11,2000.0,256.76868419601675,2.2360071780966093,2.66839179691037e-06
113,68367.09152879535,A6992,2002.0470258449998,0.06384374999999999,-2.25,1.0351885083454228e-08,2.6588303551807593e-06,2.2360071780261133,7.05170966127898e-11,2000.0,256.8450416272934,2.23600717809663,2.6691822402642135e-06
114,68966.79145382895,A6992,2002.065061315,0.06440625,-2.25,1.0351885083454228e-08,2.6596210193476317e-06,2.2360071780261133,7.053806648825966e-11,2000.0,256.92142038927716,2.2360071780966515,2.669972904431086e-06
115,69566.49137886254,A6992,2002.0830967849997,0.06496874999999999,-2.25,1.0351885083454228e-08,2.6604119043850993e-06,2.2360071780261133,7.055904222162604e-11,2000.0,256.99782048752905,2.2360071780966724,2.6707637894685534e-06
116,70166.19130389614,A6992,2002.1011322549998,0.06553124999999999,-2.25,1.0351885083454228e-08,2.6612030103507624e-06,2.2360071780261133,7.058002381441662e-11,2000.0,257.0742419276132,2.2360071780966932,2.6715548954342166e-06
117,70765.89122892973,A6992,2002.119167725,0.06609374999999999,-2.25,1.0351885083454228e-08,2.6619943373022177e-06,2.2360071780261133,7.060101126815895e-11,2000.0,257.1506847150936,2.236007178096714,2.672346222385672e-06
118,71365.59115396332,A6992,2002.1372031950002,0.06665624999999999,-2.25,1.0351885083454228e-08,2.6627858852970914e-06,2.2360071780261133,7.06220045843814e-11,2000.0,257.2271488555367,2.2360071780967354,2.6731377703805455e-06
119,71965.29107899692,A6992,2002.155238665,0.06721875,-2.25,1.0351885083454228e-08,2.6635776543930075e-06,2.2360071780261133,7.064300376461227e-11,2000.0,257.3036343545094,2.2360071780967563,2.6739295394764616e-06
120,72564.99100403051,A6992,2002.173274135,0.06778125,-2.25,1.0351885083454228e-08,2.664369644647618e-06,2.2360071780261133,7.066400881038058e-11,2000.0,257.3801412175808,2.236007178096777,2.674721529731072e-06
121,73164.6909290641,A6992,2002.1913096050002,0.06834374999999998,-2.25,1.0351885083454228e-08,2.665161856118575e-06,2.2360071780261133,7.068501972321539e-11,2000.0,257.4566694503201,2.2360071780967985,2.675513741202029e-06
122,73764.3908540977,A6992,2002.2093450749999,0.06890625,-2.25,1.0351885083454228e-08,2.6659542888635617e-06,2.2360071780261133,7.070603650464655e-11,2000.0,257.53321905829955,2.2360071780968194,2.676306173947016e-06
123,74364.0907791313,A6992,2002.2273805449997,0.06946875,-2.25,1.0351885083454228e-08,2.6667469429402625e-06,2.2360071780261133,7.072705915620396e-11,2000.0,257.6097900470915,2.2360071780968402,2.6770988280237167e-06
124,74963.79070416489,A6992,2002.245416015,0.07003124999999999,-2.25,1.0351885083454228e-08,2.667539818406374e-06,2.2360071780261133,7.074808767941784e-11,2000.0,257.6863824222695,2.2360071780968616,2.677891703489828e-06
125,75563.49062919848,A6992,2002.2634514850001,0.07059375,-2.25,1.0351885083454228e-08,2.668332915319619e-06,2.2360071780261133,7.076912207581912e-11,2000.0,257.7629961894097,2.2360071780968824,2.678684800403073e-06
126,76163.19055423207,A6992,2002.281486955,0.07115625,-2.25,1.0351885083454228e-08,2.669126233737723e-06,2.2360071780261133,7.079016234693877e-11,2000.0,257.8396313540883,2.2360071780969033,2.6794781188211772e-06
127,76762.89047926567,A6992,2002.2995224249999,0.07171875,-2.25,1.0351885083454228e-08,2.6699197737184323e-06,2.2360071780261133,7.081120849430832e-11,2000.0,257.91628792188357,2.2360071780969246,2.6802716588018864e-06
128,77362.59040429926,A6992,2002.3175578950002,0.07228124999999999,-2.25,1.0351885083454228e-08,2.6707135353195006e-06,2.2360071780261133,7.083226051945953e-11,2000.0,257.99296589837473,2.2360071780969455,2.6810654204029547e-06
129,77962.29032933286,A6992,2002.335593365,0.07284374999999998,-2.25,1.0351885083454228e-08,2.6715075185987063e-06,2.2360071780261133,7.085331842392477e-11,2000.0,258.0696652891432,2.2360071780969664,2.6818594036821604e-06
130,78561.99025436645,A6992,2002.3536288349999,0.07340624999999999,-2.25,1.0351885083454228e-08,2.6723017236138276e-06,2.2360071780261133,7.087438220923644e-11,2000.0,258.1463860997702,2.2360071780969877,2.6826536086972818e-06
131,79161.69017940004,A6992,2002.3716643050002,0.07396875,-2.25,1.0351885083454228e-08,2.6730961504226615e-06,2.2360071780261133,7.089545187692741e-11,2000.0,258.2231283358393,2.2360071780970086,2.6834480355061156e-06
132,79761.39010443364,A6992,2002.3896997749998,0.07453125,-2.25,1.0351885083454228e-08,2.6738907990830314e-06,2.2360071780261133,7.091652742853127e-11,2000.0,258.299892002936,2.23600717809703,2.6842426841664855e-06
133,80361.09002946723,A6992,2002.407735245,0.07509374999999999,-2.25,1.0351885083454228e-08,2.6746856696527583e-06,2.2360071780261133,7.093760886558155e-11,2000.0,258.376677106646,2.2360071780970507,2.6850375547362124e-06
134,80960.78995450083,A6992,2002.425770715,0.07565625,-2.25,1.0351885083454228e-08,2.675480762189683e-06,2.2360071780261133,7.095869618961226e-11,2000.0,258.45348365255666,2.236007178097072,2.685832647273137e-06
135,81560.48987953442,A6992,2002.443806185,0.07621875,-2.25,1.0351885083454228e-08,2.6762760767516606e-06,2.2360071780261133,7.097978940215787e-11,2000.0,258.530311646257,2.236007178097093,2.6866279618351147e-06
136,82160.18980456801,A6992,2002.4618416549997,0.07678125,-2.25,1.0351885083454226e-08,2.677071613396562e-06,2.236007178026113,7.10008885047532e-11,2000.0,258.60716109333714,2.236007178097114,2.6874234984800163e-06
137,82759.88972960161,A6992,2002.479877125,0.07734374999999999,-2.25,1.0351885083454224e-08,2.67786737218227e-06,2.2360071780261124,7.102199349893341e-11,2000.0,258.68403199938894,2.2360071780971342,2.6882192572657242e-06
138,83359.5896546352,A6992,2002.4979125950001,0.07790625,-2.25,1.0351885083454224e-08,2.678663353166679e-06,2.2360071780261124,7.104310438623396e-11,2000.0,258.7609243700047,2.2360071780971555,2.689015238250133e-06
139,83959.2895796688,A6992,2002.515948065,0.07846874999999999,-2.25,1.0351885083454224e-08,2.6794595564077042e-06,2.2360071780261124,7.106422116819088e-11,2000.0,258.8378382107793,2.2360071780971764,2.6898114414911584e-06
140,84558.98950470239,A6992,2002.5339835349998,0.07903125,-2.25,1.0351885083454224e-08,2.680255981963266e-06,2.2360071780261124,7.108534384634032e-11,2000.0,258.9147735273077,2.2360071780971977,2.69060786704672e-06
141,85158.68942973598,A6992,2002.5520190050001,0.07959374999999999,-2.25,1.0351885083454224e-08,2.681052629891308e-06,2.2360071780261124,7.110647242221905e-11,2000.0,258.9917303251875,2.236007178097219,2.691404514974762e-06
142,85758.38935476958,A6992,2002.5700544749998,0.08015624999999998,-2.25,1.0351885083454224e-08,2.68184950024978e-06,2.2360071780261124,7.112760689736402e-11,2000.0,259.06870861001664,2.23600717809724,2.6922013853332343e-06
143,86358.08927980317,A6992,2002.588089945,0.08071874999999998,-2.25,1.0351885083454224e-08,2.682646593096647e-06,2.2360071780261124,7.114874727331255e-11,2000.0,259.1457083873944,2.2360071780972612,2.6929984781801013e-06
144,86957.78920483676,A6992,2002.606125415,0.08128124999999999,-2.25,1.0351885083454224e-08,2.6834439084898934e-06,2.2360071780261124,7.116989355160249e-11,2000.0,259.2227296629224,2.236007178097282,2.6937957935733475e-06
145,87557.48912987036,A6992,2002.6241608850003,0.08184374999999999,-2.25,1.0351885083454224e-08,2.6842414464875194e-06,2.2360071780261124,7.119104573377214e-11,2000.0,259.2997724422032,2.2360071780973034,2.6945933315709735e-06
146,88157.18905490395,A6992,2002.6421963550001,0.08240625,-2.25,1.0351885083454224e-08,2.6850392071475232e-06,2.2360071780261124,7.12122038213597e-11,2000.0,259.37683673083984,2.2360071780973247,2.6953910922309773e-06
147,88756.88897993755,A6992,2002.660231825,0.08296874999999998,-2.25,1.0351885083454224e-08,2.6858371905279296e-06,2.2360071780261124,7.123336781590409e-11,2000.0,259.45392253443725,2.2360071780973456,2.6961890756113837e-06
148,89356.58890497114,A6992,2002.6782672950003,0.08353124999999999,-2.25,1.0351885083454224e-08,2.686635396686781e-06,2.2360071780261124,7.125453771894472e-11,2000.0,259.5310298586025,2.236007178097367,2.696987281770235e-06
149,89956.28883000473,A6992,2002.696302765,0.08409375,-2.25,1.0351885083454224e-08,2.6874338256821246e-06,2.2360071780261124,7.127571353202109e-11,2000.0,259.608158708943,2.2360071780973882,2.6977857107655787e-06
150,90555.98875503833,A6992,2002.7143382349998,0.08465624999999999,-2.25,1.0351885083454224e-08,2.6882324775720216e-06,2.2360071780261124,7.129689525667311e-11,2000.0,259.6853090910675,2.236007178097409,2.6985843626554757e-06
151,91155.68868007192,A6992,2002.732373705,0.08521875000000001,-2.25,1.0351885083454224e-08,2.689031352414562e-06,2.2360071780261124,7.13180828944414e-11,2000.0,259.7624810105874,2.2360071780974304,2.699383237498016e-06
152,91755.38860510552,A6992,2002.7504091749997,0.08578125,-2.25,1.0351885083454224e-08,2.6898304502678295e-06,2.2360071780261124,7.13392764468665e-11,2000.0,259.8396744731139,2.2360071780974518,2.7001823353512836e-06
153,92355.08853013911,A6992,2002.7684446449998,0.08634375,-2.25,1.0351885083454224e-08,2.6906297711899313e-06,2.2360071780261124,7.136047591548948e-11,2000.0,259.91688948426,2.236007178097473,2.7009816562733854e-06
154,92954.7884551727,A6992,2002.786480115,0.08690624999999999,-2.25,1.0351885083454224e-08,2.691429315238992e-06,2.2360071780261124,7.138168130185192e-11,2000.0,259.99412604964056,2.236007178097494,2.701781200322446e-06
155,93554.4883802063,A6992,2002.8045155850002,0.08746874999999998,-2.25,1.0351885083454224e-08,2.6922290824731417e-06,2.2360071780261124,7.140289260749554e-11,2000.0,260.0713841748711,2.2360071780975153,2.702580967556596e-06
156,94154.18830523989,A6992,2002.822551055,0.08803125,-2.25,1.0351885083454224e-08,2.6930290729505394e-06,2.2360071780261124,7.142410983396283e-11,2000.0,260.1486638655698,2.2360071780975366,2.7033809580339935e-06
157,94753.88823027349,A6992,2002.840586525,0.08859375,-2.25,1.0351885083454224e-08,2.6938292867293353e-06,2.2360071780261124,7.144533298279602e-11,2000.0,260.225965127354,2.236007178097558,2.7041811718127894e-06
158,95353.58815530708,A6992,2002.8586219950002,0.08915624999999999,-2.25,1.0351885083454224e-08,2.6946297238677136e-06,2.2360071780261124,7.14665620555383e-11,2000.0,260.3032879658443,2.2360071780975788,2.7049816089511677e-06
159,95953.28808034067,A6992,2002.8766574649999,0.08971874999999999,-2.25,1.0351885083454224e-08,2.695430384423866e-06,2.2360071780261124,7.148779705373299e-11,2000.0,260.38063238666217,2.2360071780976,2.70578226950732e-06
160,96552.98800537427,A6992,2002.8946929349997,0.09028125,-2.25,1.0351885083454224e-08,2.6962312684559964e-06,2.2360071780261124,7.150903797892377e-11,2000.0,260.45799839542997,2.2360071780976214,2.7065831535394505e-06
161,97152.68793040786,A6992,2002.912728405,0.09084375,-2.25,1.0351885083454224e-08,2.6970323760223184e-06,2.2360071780261124,7.153028483265458e-11,2000.0,260.53538599777136,2.2360071780976427,2.7073842611057725e-06
162,97752.38785544146,A6992,2002.9307638750001,0.09140625000000001,-2.25,1.0351885083454224e-08,2.6978337071810726e-06,2.2360071780261124,7.155153761647007e-11,2000.0,260.61279519931236,2.236007178097664,2.7081855922645267e-06
163,98352.08778047505,A6992,2002.948799345,0.09196874999999999,-2.25,1.0351885083454224e-08,2.6986352619905027e-06,2.2360071780261124,7.157279633191496e-11,2000.0,260.69022600567934,2.2360071780976853,2.708987147073957e-06
164,98951.78770550864,A6992,2002.9668348149999,0.09253124999999998,-2.25,1.0351885083454224e-08,2.699437040508875e-06,2.2360071780261124,7.159406098053459e-11,2000.0,260.76767842250086,2.236007178097706,2.709788925592329e-06
165,99551.48763054224,A6992,2002.9848702850002,0.09309374999999999,-2.25,1.0351885083454224e-08,2.700239042794456e-06,2.2360071780261124,7.161533156387428e-11,2000.0,260.8451524554055,2.2360071780977275,2.71059092787791e-06
166,100151.18755557583,A6992,2003.002905755,0.09365625,-2.25,1.0351885083454224e-08,2.701041268905541e-06,2.2360071780261124,7.163660808348016e-11,2000.0,260.92264811002474,2.236007178097749,2.7113931539889953e-06
167,100750.88748060942,A6992,2003.020941225,0.09421875,-2.25,1.0351885083454224e-08,2.7018437189004342e-06,2.2360071780261124,7.165789054089853e-11,2000.0,261.00016539199066,2.23600717809777,2.7121956039838884e-06
168,101350.58740564302,A6992,2003.0389766950002,0.09478124999999998,-2.25,1.0351885083454224e-08,2.702646392837451e-06,2.2360071780261124,7.167917893767604e-11,2000.0,261.07770430693665,2.2360071780977915,2.712998277920905e-06
169,101950.28733067661,A6992,2003.0570121649998,0.09534374999999999,-2.25,1.0351885083454224e-08,2.703449290774922e-06,2.2360071780261124,7.170047327535973e-11,2000.0,261.15526486049754,2.236007178097813,2.7138011758583763e-06
170,102549.9872557102,A6992,2003.075047635,0.09590624999999998,-2.25,1.0351885083454224e-08,2.704252412771194e-06,2.2360071780261124,7.172177355549705e-11,2000.0,261.2328470583095,2.236007178097834,2.7146042978546482e-06
171,103149.6871807438,A6992,2003.093083105,0.09646874999999999,-2.25,1.0351885083454224e-08,2.7050557588846264e-06,2.2360071780261124,7.174307977963581e-11,2000.0,261.3104509060103,2.2360071780978554,2.7154076439680805e-06
172,103749.3871057774,A6992,2003.111118575,0.09703125,-2.25,1.0351885083454224e-08,2.705859329173593e-06,2.2360071780261124,7.17643919493242e-11,2000.0,261.3880764092388,2.2360071780978767,2.716211214257047e-06
173,104349.08703081099,A6992,2003.1291540449997,0.09759375,-2.25,1.0351885083454224e-08,2.7066631236964826e-06,2.2360071780261124,7.178571006611077e-11,2000.0,261.4657235736355,2.236007178097898,2.7170150087799367e-06
174,104948.78695584458,A6992,2003.147189515,0.09815625,-2.25,1.0351885083454224e-08,2.707467142511696e-06,2.2360071780261124,7.180703413154444e-11,2000.0,261.54339240484177,2.2360071780979194,2.71781902759515e-06
175,105548.48688087818,A6992,2003.1652249850001,0.09871875,-2.25,1.0351885083454224e-08,2.70827138567765e-06,2.2360071780261124,7.182836414717452e-11,2000.0,261.62108290850074,2.2360071780979407,2.718623270761104e-06
176,106148.18680591177,A6992,2003.183260455,0.09928124999999999,-2.25,1.0351885083454224e-08,2.7090758532527762e-06,2.2360071780261124,7.184970011455075e-11,2000.0,261.69879509025714,2.236007178097962,2.7194277383362304e-06
177,106747.88673094536,A6992,2003.2012959249998,0.09984375000000001,-2.25,1.0351885083454224e-08,2.7098805452955185e-06,2.2360071780261124,7.187104203522313e-11,2000.0,261.77652895575653,2.2360071780979833,2.7202324303789726e-06
178,107347.58665597896,A6992,2003.2193313950002,0.10040625,-2.25,1.0351885083454224e-08,2.71068546186433e-06,2.2360071780261124,7.189238991074197e-11,2000.0,261.85428451064547,2.2360071780980046,2.721037346947784e-06
179,107947.28658101255,A6992,2003.2373668649998,0.10096875,-2.25,1.0351885083454224e-08,2.7114906030176857e-06,2.2360071780261124,7.191374374265813e-11,2000.0,261.93206176057294,2.236007178098026,2.72184248810114e-06
180,108546.98650604615,A6992,2003.255402335,0.10153124999999998,-2.25,1.0351885083454224e-08,2.712295968814075e-06,2.2360071780261124,7.193510353252286e-11,2000.0,262.0098607111889,2.2360071780980473,2.722647853897529e-06
181,109146.68643107974,A6992,2003.273437805,0.10209374999999998,-2.25,1.0351885083454224e-08,2.713101559311999e-06,2.2360071780261124,7.195646928188771e-11,2000.0,262.08768136814456,2.236007178098069,2.723453444395453e-06
182,109746.38635611333,A6992,2003.2914732750003,0.10265625,-2.25,1.0351885083454224e-08,2.713907374569965e-06,2.2360071780261124,7.197784099230441e-11,2000.0,262.1655237370918,2.2360071780980904,2.724259259653419e-06
183,110346.08628114693,A6992,2003.3095087450001,0.10321875,-2.25,1.0351885083454224e-08,2.7147134146465066e-06,2.2360071780261124,7.199921866532537e-11,2000.0,262.2433878236851,2.2360071780981117,2.7250652997299607e-06
184,110945.78620618052,A6992,2003.327544215,0.10378124999999999,-2.25,1.0351885083454224e-08,2.7155196796001732e-06,2.2360071780261124,7.202060230250344e-11,2000.0,262.32127363358023,2.236007178098133,2.7258715646836274e-06
185,111545.48613121411,A6992,2003.345579685,0.10434374999999997,-2.25,1.0351885083454224e-08,2.716326169489511e-06,2.2360071780261124,7.204199190539136e-11,2000.0,262.3991811724329,2.2360071780981543,2.726678054572965e-06
186,112145.18605624771,A6992,2003.363615155,0.10490624999999999,-2.25,1.0351885083454224e-08,2.7171328843731e-06,2.2360071780261124,7.206338747554279e-11,2000.0,262.477110445902,2.2360071780981756,2.727484769456554e-06
187,112744.8859812813,A6992,2003.3816506249998,0.10546875,-2.25,1.0351885083454224e-08,2.7179398243095184e-06,2.2360071780261124,7.208478901451134e-11,2000.0,262.5550614596462,2.2360071780981974,2.7282917093929726e-06
188,113344.5859063149,A6992,2003.399686095,0.10603125000000001,-2.25,1.0351885083454224e-08,2.7187469893573657e-06,2.2360071780261124,7.210619652385114e-11,2000.0,262.6330342193262,2.2360071780982187,2.72909887444082e-06
189,113944.28583134849,A6992,2003.4177215649997,0.10659375000000001,-2.25,1.0351885083454224e-08,2.7195543795752637e-06,2.2360071780261124,7.2127610005117e-11,2000.0,262.71102873060494,2.23600717809824,2.729906264658718e-06
190,114543.98575638208,A6992,2003.4357570349998,0.10715624999999997,-2.25,1.0351885083454224e-08,2.72036199502183e-06,2.2360071780261124,7.214902945986352e-11,2000.0,262.78904499914495,2.2360071780982613,2.730713880105284e-06
191,115143.68568141568,A6992,2003.453792505,0.10771874999999999,-2.25,1.0351885083454224e-08,2.7211698357557163e-06,2.2360071780261124,7.217045488964629e-11,2000.0,262.86708303061215,2.2360071780982826,2.7315217208391704e-06
192,115743.38560644927,A6992,2003.4718279750002,0.10828125,-2.25,1.0351885083454224e-08,2.7219779018355677e-06,2.2360071780261124,7.219188629602066e-11,2000.0,262.94514283067133,2.2360071780983044,2.7323297869190218e-06
193,116343.08553148287,A6992,2003.489863445,0.10884375,-2.25,1.0351885083454224e-08,2.722786193320063e-06,2.2360071780261124,7.221332368054292e-11,2000.0,263.02322440499137,2.2360071780983257,2.733138078403517e-06
194,116942.78545651646,A6992,2003.507898915,0.10940625000000001,-2.25,1.0351885083454224e-08,2.7235947102678807e-06,2.2360071780261124,7.223476704476931e-11,2000.0,263.1013277592403,2.236007178098347,2.733946595351335e-06
195,117542.48538155005,A6992,2003.5259343850003,0.10996874999999998,-2.25,1.0351885083454224e-08,2.7244034527377203e-06,2.2360071780261124,7.225621639025667e-11,2000.0,263.17945289908874,2.236007178098369,2.7347553378211744e-06
196,118142.18530658365,A6992,2003.543969855,0.11053124999999998,-2.25,1.0351885083454224e-08,2.725212420788299e-06,2.2360071780261124,7.227767171856229e-11,2000.0,263.2575998302088,2.23600717809839,2.7355643058717533e-06
197,118741.88523161724,A6992,2003.5620053249997,0.11109374999999999,-2.25,1.0351885083454224e-08,2.726021614478337e-06,2.2360071780261124,7.22991330312435e-11,2000.0,263.33576855827266,2.2360071780984114,2.736373499561791e-06
198,119341.58515665084,A6992,2003.580040795,0.11165625,-2.25,1.0351885083454224e-08,2.7268310338665834e-06,2.2360071780261124,7.232060032985848e-11,2000.0,263.41395908895583,2.236007178098433,2.7371829189500376e-06
199,119941.28508168443,A6992,2003.5980762650001,0.11221875,-2.25,1.0351885083454224e-08,2.727640679011782e-06,2.2360071780261124,7.234207361596521e-11,2000.0,263.4921714279329,2.2360071780984545,2.737992564095236e-06
200,120540.98500671802,A6992,2003.616111735,0.11278124999999999,-2.25,1.0351885083454224e-08,2.7284505499727096e-06,2.2360071780261124,7.236355289112256e-11,2000.0,263.57040558088175,2.236007178098476,2.7388024350561638e-06
201,121140.68493175162,A6992,2003.6341472049999,0.11334374999999998,-2.25,1.0351885083454224e-08,2.7292606468081474e-06,2.2360071780261124,7.23850381568895e-11,2000.0,263.6486615534806,2.2360071780984976,2.7396125318916015e-06
202,121740.38485678521,A6992,2003.6521826750002,0.11390624999999999,-2.25,1.0351885083454224e-08,2.7300709695768946e-06,2.2360071780261124,7.240652941482551e-11,2000.0,263.72693935140967,2.236007178098519,2.7404228546603487e-06
203,122340.0847818188,A6992,2003.670218145,0.11446875000000001,-2.25,1.0351885083454224e-08,2.7308815183377625e-06,2.2360071780261124,7.242802666649037e-11,2000.0,263.80523898035005,2.23600717809854,2.7412334034212166e-06
204,122939.7847068524,A6992,2003.688253615,0.11503125,-2.25,1.0351885083454224e-08,2.7316922931495732e-06,2.2360071780261124,7.244952991344416e-11,2000.0,263.88356044598413,2.236007178098562,2.7420441782330274e-06
205,123539.48463188599,A6992,2003.7062890850002,0.11559374999999997,-2.25,1.0351885083454224e-08,2.732503294071169e-06,2.2360071780261124,7.247103915724747e-11,2000.0,263.9619037539958,2.2360071780985833,2.742855179154623e-06
206,124139.18455691959,A6992,2003.7243245549998,0.11615624999999997,-2.25,1.0351885083454224e-08,2.7333145211614053e-06,2.2360071780261124,7.249255439946127e-11,2000.0,264.04026891007095,2.236007178098605,2.7436664062448594e-06
207,124738.88448195318,A6992,2003.742360025,0.11671874999999998,-2.25,1.0351885083454224e-08,2.7341259744791502e-06,2.2360071780261124,7.251407564164684e-11,2000.0,264.118655919896,2.2360071780986264,2.7444778595626044e-06
208,125338.58440698677,A6992,2003.760395495,0.11728125,-2.25,1.0351885083454224e-08,2.7349376540832852e-06,2.2360071780261124,7.253560288536582e-11,2000.0,264.19706478915907,2.236007178098648,2.7452895391667393e-06
209,125938.28433202037,A6992,2003.778430965,0.11784375,-2.25,1.0351885083454224e-08,2.7357495600327058e-06,2.2360071780261124,7.255713613218025e-11,2000.0,264.2754955235496,2.2360071780986694,2.74610144511616e-06
210,126537.98425705396,A6992,2003.7964664349997,0.11840624999999999,-2.25,1.0351885083454223e-08,2.73656169238633e-06,2.236007178026112,7.257867538365273e-11,2000.0,264.3539481287588,2.2360071780986908,2.7469135774697843e-06
211,127137.68418208756,A6992,2003.814501905,0.11896874999999997,-2.25,1.0351885083454223e-08,2.7373740512030696e-06,2.236007178026112,7.26002206413457e-11,2000.0,264.43242261047794,2.236007178098712,2.7477259362865237e-06
212,127737.38410712115,A6992,2003.8325373750001,0.11953124999999999,-2.25,1.0351885083454223e-08,2.7381866365418733e-06,2.236007178026112,7.262177190682261e-11,2000.0,264.5109189744013,2.236007178098734,2.7485385216253275e-06
213,128337.08403215474,A6992,2003.850572845,0.12009375,-2.25,1.0351885083454223e-08,2.738999448461697e-06,2.236007178026112,7.264332918164706e-11,2000.0,264.58943722622416,2.236007178098755,2.749351333545151e-06
214,128936.78395718834,A6992,2003.8686083149998,0.12065625,-2.25,1.0351885083454223e-08,2.739812487021502e-06,2.236007178026112,7.266489246738284e-11,2000.0,264.66797737164217,2.236007178098777,2.750164372104956e-06
215,129536.48388222193,A6992,2003.8866437850002,0.12121875000000001,-2.25,1.0351885083454223e-08,2.7406257522802717e-06,2.236007178026112,7.268646176559425e-11,2000.0,264.74653941635313,2.2360071780987982,2.7509776373637258e-06
216,130136.18380725553,A6992,2003.9046792549998,0.12178124999999998,-2.25,1.0351885083454223e-08,2.741439244297005e-06,2.236007178026112,7.270803707784611e-11,2000.0,264.8251233660566,2.23600717809882,2.7517911293804592e-06
217,130735.88373228912,A6992,2003.922714725,0.12234374999999999,-2.25,1.0351885083454223e-08,2.7422529631307083e-06,2.236007178026112,7.272961840570334e-11,2000.0,264.90372922645236,2.2360071780988418,2.7526048482141625e-06
218,131335.5836573227,A6992,2003.940750195,0.12290625,-2.25,1.0351885083454223e-08,2.743066908840408e-06,2.236007178026112,7.275120575073143e-11,2000.0,264.9823570032426,2.236007178098863,2.7534187939238623e-06
219,131935.2835823563,A6992,2003.9587856650003,0.12346875,-2.25,1.0351885083454223e-08,2.743881081485147e-06,2.236007178026112,7.277279911449632e-11,2000.0,265.0610067021308,2.236007178098885,2.754232966568601e-06
220,132534.98350738987,A6992,2003.9768211350001,0.12403125000000001,-2.25,1.0351885083454223e-08,2.7446954811239715e-06,2.236007178026112,7.279439849856402e-11,2000.0,265.1396783288209,2.236007178098906,2.7550473662074256e-06
221,133134.68343242345,A6992,2003.994856605,0.12459374999999996,-2.25,1.0351885083454223e-08,2.7455101078159538e-06,2.236007178026112,7.281600390450123e-11,2000.0,265.2183718890193,2.236007178098928,2.755861992899408e-06
222,133734.38335745703,A6992,2004.012892075,0.12515624999999997,-2.25,1.0351885083454223e-08,2.74632496162017e-06,2.236007178026112,7.283761533387477e-11,2000.0,265.29708738843294,2.2360071780989497,2.7566768467036242e-06
223,134334.0832824906,A6992,2004.030927545,0.12571875,-2.25,1.0351885083454223e-08,2.7471400425957214e-06,2.236007178026112,7.285923278825211e-11,2000.0,265.3758248327709,2.236007178098971,2.7574919276791755e-06
224,134933.7832075242,A6992,2004.0489630149998,0.12628125,-2.25,1.0351885083454223e-08,2.7479553508017127e-06,2.236007178026112,7.288085626920081e-11,2000.0,265.45458422774277,2.2360071780989927,2.758307235885167e-06
225,135533.48313255777,A6992,2004.066998485,0.12684375,-2.25,1.0351885083454223e-08,2.7487708862972733e-06,2.236007178026112,7.29024857782891e-11,2000.0,265.5333655790605,2.2360071780990145,2.7591227713807274e-06
226,136133.18305759135,A6992,2004.0850339549997,0.12740624999999997,-2.25,1.0351885083454223e-08,2.7495866491415405e-06,2.236007178026112,7.292412131708542e-11,2000.0,265.6121688924369,2.2360071780990363,2.7599385342249947e-06
227,136732.88298262493,A6992,2004.1030694249998,0.12796875,-2.25,1.0351885083454223e-08,2.7504026393936665e-06,2.236007178026112,7.294576288715856e-11,2000.0,265.6909941735859,2.2360071780990576,2.7607545244771206e-06
228,137332.5829076585,A6992,2004.121104895,0.12853124999999999,-2.25,1.0351885083454223e-08,2.7512188571128173e-06,2.236007178026112,7.296741049007774e-11,2000.0,265.7698414282231,2.2360071780990793,2.7615707421962714e-06
229,137932.2828326921,A6992,2004.1391403650002,0.12909375,-2.25,1.0351885083454223e-08,2.7520353023581713e-06,2.236007178026112,7.298906412741249e-11,2000.0,265.8487106620654,2.236007178099101,2.7623871874416254e-06
230,138531.98275772567,A6992,2004.157175835,0.12965625,-2.25,1.0351885083454223e-08,2.752851975188926e-06,2.236007178026112,7.30107238007328e-11,2000.0,265.9276018808309,2.236007178099123,2.76320386027238e-06
231,139131.68268275924,A6992,2004.175211305,0.13021875,-2.25,1.0351885083454223e-08,2.7536688756642986e-06,2.236007178026112,7.303238951160927e-11,2000.0,266.0065150902403,2.236007178099144,2.7640207607477527e-06
232,139731.38260779282,A6992,2004.1932467750003,0.13078125,-2.25,1.0351885083454223e-08,2.754486003843499e-06,2.236007178026112,7.30540612616122e-11,2000.0,266.08545029601316,2.236007178099166,2.764837888926953e-06
233,140331.0825328264,A6992,2004.211282245,0.13134374999999998,-2.25,1.0351885083454223e-08,2.755303359785779e-06,2.236007178026112,7.30757390523131e-11,2000.0,266.16440750387346,2.2360071780991877,2.765655244869233e-06
234,140930.78245785998,A6992,2004.2293177149998,0.13190625,-2.25,1.0351885083454223e-08,2.756120943550382e-06,2.236007178026112,7.30974228852832e-11,2000.0,266.2433867195441,2.2360071780992095,2.7664728286338362e-06
235,141530.48238289356,A6992,2004.247353185,0.13246875,-2.25,1.0351885083454223e-08,2.756938755196581e-06,2.236007178026112,7.311911276209452e-11,2000.0,266.3223879487507,2.236007178099231,2.767290640280035e-06
236,142130.18230792714,A6992,2004.2653886550002,0.13303124999999996,-2.25,1.0351885083454223e-08,2.7577567947836506e-06,2.236007178026112,7.314080868431915e-11,2000.0,266.40141119721943,2.2360071780992525,2.7681086798671047e-06
237,142729.88223296072,A6992,2004.283424125,0.13359374999999998,-2.25,1.0351885083454223e-08,2.758575062370891e-06,2.236007178026112,7.316251065352982e-11,2000.0,266.48045647067875,2.2360071780992743,2.768926947454345e-06
238,143329.5821579943,A6992,2004.3014595949999,0.13415624999999998,-2.25,1.0351885083454223e-08,2.759393558017608e-06,2.236007178026112,7.318421867129945e-11,2000.0,266.5595237748575,2.236007178099296,2.769745443101062e-06
239,143929.28208302788,A6992,2004.3194950650002,0.13471875,-2.25,1.0351885083454223e-08,2.7602122817831275e-06,2.236007178026112,7.320593273920147e-11,2000.0,266.63861311548663,2.236007178099318,2.7705641668665816e-06
240,144528.98200806146,A6992,2004.337530535,0.13528125,-2.25,1.0351885083454223e-08,2.7610312337267886e-06,2.236007178026112,7.322765285880964e-11,2000.0,266.7177244982984,2.2360071780993396,2.7713831188102427e-06
241,145128.68193309504,A6992,2004.355566005,0.13584375,-2.25,1.0351885083454223e-08,2.7618504139079446e-06,2.236007178026112,7.324937903169815e-11,2000.0,266.79685792902654,2.2360071780993613,2.7722022989913987e-06
242,145728.38185812862,A6992,2004.3736014750002,0.13640625,-2.25,1.0351885083454223e-08,2.7626698223859597e-06,2.236007178026112,7.327111125944142e-11,2000.0,266.87601341340536,2.236007178099383,2.773021707469414e-06
243,146328.0817831622,A6992,2004.3916369449998,0.13696874999999997,-2.25,1.0351885083454223e-08,2.7634894592202136e-06,2.236007178026112,7.329284954361433e-11,2000.0,266.95519095717117,2.236007178099405,2.7738413443036677e-06
244,146927.78170819578,A6992,2004.4096724149997,0.13753125,-2.25,1.0351885083454223e-08,2.7643093244701074e-06,2.236007178026112,7.33145938857923e-11,2000.0,267.03439056606214,2.2360071780994266,2.7746612095535615e-06
245,147527.48163322936,A6992,2004.427707885,0.13809375,-2.25,1.0351885083454223e-08,2.765129418195046e-06,2.236007178026112,7.333634428755087e-11,2000.0,267.1136122458168,2.2360071780994484,2.7754813032785e-06
246,148127.18155826294,A6992,2004.445743355,0.13865625,-2.25,1.0351885083454223e-08,2.7659497404544523e-06,2.236007178026112,7.335810075046602e-11,2000.0,267.1928560021755,2.23600717809947,2.7763016255379064e-06
247,148726.8814832965,A6992,2004.4637788249997,0.13921874999999997,-2.25,1.0351885083454223e-08,2.766770291307769e-06,2.236007178026112,7.33798632761143e-11,2000.0,267.2721218408804,2.236007178099492,2.777122176391223e-06
248,149326.5814083301,A6992,2004.481814295,0.13978124999999997,-2.25,1.0351885083454223e-08,2.767591070814445e-06,2.236007178026112,7.34016318660724e-11,2000.0,267.3514097676744,2.2360071780995137,2.777942955897899e-06
249,149926.28133336367,A6992,2004.4998497650001,0.14034375,-2.25,1.0351885083454223e-08,2.768412079033949e-06,2.236007178026112,7.342340652191754e-11,2000.0,267.43071978830204,2.2360071780995354,2.778763964117403e-06
250,150525.98125839725,A6992,2004.517885235,0.14090625,-2.25,1.0351885083454223e-08,2.769233316025765e-06,2.236007178026112,7.344518724522733e-11,2000.0,267.51005190850964,2.236007178099557,2.779585201109219e-06
251,151125.68118343083,A6992,2004.5359207049999,0.14146875,-2.25,1.0351885083454223e-08,2.770054781849382e-06,2.236007178026112,7.346697403757954e-11,2000.0,267.5894061340438,2.236007178099579,2.780406666932836e-06
252,151725.3811084644,A6992,2004.5539561750002,0.14203125,-2.25,1.0351885083454223e-08,2.770876476564314e-06,2.236007178026112,7.348876690055261e-11,2000.0,267.6687824706538,2.2360071780996007,2.781228361647768e-06
253,152325.081033498,A6992,2004.5719916449998,0.14259375,-2.25,1.0351885083454223e-08,2.7716984002300874e-06,2.236007178026112,7.351056583572527e-11,2000.0,267.7481809240898,2.2360071780996225,2.7820502853135415e-06
254,152924.78095853157,A6992,2004.590027115,0.14315624999999998,-2.25,1.0351885083454223e-08,2.772520552906233e-06,2.236007178026112,7.353237084467639e-11,2000.0,267.82760150010256,2.236007178099644,2.782872437989687e-06
255,153524.48088356515,A6992,2004.608062585,0.14371874999999998,-2.25,1.0351885083454223e-08,2.77334293465231e-06,2.236007178026112,7.355418192898559e-11,2000.0,267.9070442044455,2.236007178099666,2.7836948197357642e-06
256,154124.18080859873,A6992,2004.6260980550003,0.14428124999999997,-2.25,1.0351885083454223e-08,2.7741655455278806e-06,2.236007178026112,7.357599909023257e-11,2000.0,267.9865090428724,2.2360071780996877,2.7845174306113347e-06
257,154723.8807336323,A6992,2004.6441335250001,0.14484374999999997,-2.25,1.0351885083454223e-08,2.774988385592537e-06,2.236007178026112,7.359782232999783e-11,2000.0,268.06599602114,2.23600717809971,2.785340270675991e-06
258,155323.5806586659,A6992,2004.662168995,0.14540625,-2.25,1.0351885083454223e-08,2.7758114549058628e-06,2.236007178026112,7.361965164986163e-11,2000.0,268.1455051450039,2.2360071780997317,2.786163339989317e-06
259,155923.28058369947,A6992,2004.680204465,0.14596874999999998,-2.25,1.0351885083454223e-08,2.7766347535274724e-06,2.236007178026112,7.364148705140505e-11,2000.0,268.22503642022315,2.2360071780997535,2.7869866386109265e-06
260,156522.98050873305,A6992,2004.698239935,0.14653125,-2.25,1.0351885083454223e-08,2.7774582815169966e-06,2.236007178026112,7.366332853620962e-11,2000.0,268.30458985255785,2.2360071780997752,2.7878101666004507e-06
261,157122.68043376663,A6992,2004.7162754049998,0.14709375,-2.25,1.0351885083454223e-08,2.778282038934066e-06,2.236007178026112,7.368517610585685e-11,2000.0,268.3841654477686,2.236007178099797,2.78863392401752e-06
262,157722.3803588002,A6992,2004.7343108750001,0.14765625000000002,-2.25,1.0351885083454223e-08,2.779106025838335e-06,2.236007178026112,7.370702976192889e-11,2000.0,268.4637632116181,2.2360071780998187,2.7894579109217893e-06
263,158322.08028383378,A6992,2004.7523463449998,0.14821875,-2.25,1.0351885083454223e-08,2.7799302422894753e-06,2.236007178026112,7.372888950600834e-11,2000.0,268.54338314987046,2.236007178099841,2.7902821273729294e-06
264,158921.78020886736,A6992,2004.7703818149998,0.14878124999999998,-2.25,1.0351885083454223e-08,2.780754688347167e-06,2.236007178026112,7.375075533967802e-11,2000.0,268.623025268291,2.2360071780998627,2.7911065734306212e-06
265,159521.48013390094,A6992,2004.788417285,0.14934375,-2.25,1.0351885083454223e-08,2.781579364071101e-06,2.236007178026112,7.377262726452104e-11,2000.0,268.7026895726457,2.2360071780998845,2.791931249154555e-06
266,160121.18005893452,A6992,2004.8064527550002,0.14990625,-2.25,1.0351885083454223e-08,2.7824042695209993e-06,2.236007178026112,7.379450528212135e-11,2000.0,268.7823760687039,2.2360071780999062,2.7927561546044535e-06
267,160720.8799839681,A6992,2004.824488225,0.15046874999999998,-2.25,1.0351885083454223e-08,2.783229404756575e-06,2.236007178026112,7.381638939406267e-11,2000.0,268.86208476223413,2.2360071780999284,2.7935812898400293e-06
268,161320.57990900168,A6992,2004.842523695,0.15103124999999998,-2.25,1.0351885083454223e-08,2.784054769837578e-06,2.236007178026112,7.383827960192962e-11,2000.0,268.94181565900783,2.23600717809995,2.794406654921032e-06
269,161920.27983403526,A6992,2004.8605591650003,0.15159374999999997,-2.25,1.0351885083454223e-08,2.7848803648237558e-06,2.236007178026112,7.386017590730688e-11,2000.0,269.021568764797,2.236007178099972,2.79523224990721e-06
270,162519.97975906884,A6992,2004.878594635,0.15215625,-2.25,1.0351885083454223e-08,2.785706189774881e-06,2.236007178026112,7.38820783117797e-11,2000.0,269.1013440853756,2.236007178099994,2.7960580748583353e-06
271,163119.67968410242,A6992,2004.8966301049998,0.15271875,-2.25,1.0351885083454223e-08,2.7865322447507304e-06,2.236007178026112,7.390398681693345e-11,2000.0,269.18114162651807,2.236007178100016,2.7968841298341845e-06
272,163719.379609136,A6992,2004.914665575,0.15328125,-2.25,1.0351885083454223e-08,2.787358529811107e-06,2.236007178026112,7.392590142435424e-11,2000.0,269.2609613940016,2.2360071781000377,2.797710414894561e-06
273,164319.07953416958,A6992,2004.9327010449997,0.15384375,-2.25,1.0351885083454223e-08,2.7881850450158168e-06,2.236007178026112,7.394782213562824e-11,2000.0,269.34080339360327,2.23600717810006,2.798536930099271e-06
274,164918.77945920316,A6992,2004.950736515,0.15440624999999997,-2.25,1.0351885083454223e-08,2.789011790424688e-06,2.236007178026112,7.396974895234219e-11,2000.0,269.4206676311026,2.2360071781000816,2.799363675508142e-06
275,165518.47938423674,A6992,2004.9687719849999,0.15496875,-2.25,1.0351885083454223e-08,2.7898387660975657e-06,2.236007178026112,7.399168187608331e-11,2000.0,269.50055411228067,2.2360071781001034,2.80019065118102e-06
276,166118.17930927032,A6992,2004.9868074550002,0.15553124999999998,-2.25,1.0351885083454223e-08,2.7906659720942973e-06,2.236007178026112,7.401362090843885e-11,2000.0,269.5804628429189,2.2360071781001256,2.8010178571777514e-06
277,166717.8792343039,A6992,2005.004842925,0.15609374999999998,-2.25,1.0351885083454223e-08,2.7914934084747498e-06,2.236007178026112,7.40355660509966e-11,2000.0,269.66039382880047,2.2360071781001474,2.801845293558204e-06
278,167317.57915933747,A6992,2005.022878395,0.15665624999999997,-2.25,1.0351885083454223e-08,2.7923210752988182e-06,2.236007178026112,7.405751730534507e-11,2000.0,269.7403470757111,2.2360071781001696,2.8026729603822724e-06
279,167917.27908437105,A6992,2005.0409138650002,0.15721875,-2.25,1.0351885083454223e-08,2.79314897262639e-06,2.236007178026112,7.407947467307261e-11,2000.0,269.82032258943616,2.2360071781001913,2.803500857709844e-06
280,168516.97900940463,A6992,2005.0589493349999,0.15778124999999998,-2.25,1.0351885083454223e-08,2.79397710051738e-06,2.236007178026112,7.410143815576827e-11,2000.0,269.90032037576333,2.2360071781002135,2.804328985600834e-06
281,169116.6789344382,A6992,2005.0769848049997,0.15834375,-2.25,1.0351885083454223e-08,2.7948054590317196e-06,2.236007178026112,7.412340775502152e-11,2000.0,269.98034044048217,2.2360071781002353,2.8051573441151737e-06
282,169716.3788594718,A6992,2005.095020275,0.15890625,-2.25,1.0351885083454223e-08,2.7956340482293437e-06,2.236007178026112,7.414538347242196e-11,2000.0,270.0603827893823,2.2360071781002575,2.805985933312798e-06
283,170316.07878450537,A6992,2005.113055745,0.15946875,-2.25,1.0351885083454223e-08,2.7964628681702043e-06,2.236007178026112,7.416736530955964e-11,2000.0,270.14044742825524,2.2360071781002793,2.8068147532536584e-06
284,170915.77870953895,A6992,2005.1310912149997,0.16003124999999999,-2.25,1.0351885083454218e-08,2.797291918914288e-06,2.236007178026111,7.418935326802549e-11,2000.0,270.22053436289565,2.2360071781003006,2.8076438039977423e-06
285,171515.47863457253,A6992,2005.149126685,0.16059374999999998,-2.25,1.0351885083454218e-08,2.7981212005215616e-06,2.236007178026111,7.421134734940995e-11,2000.0,270.3006435990964,2.2360071781003223,2.8084730856050157e-06
286,172115.1785596061,A6992,2005.1671621550001,0.16115625,-2.25,1.0351885083454218e-08,2.7989507130520286e-06,2.236007178026111,7.423334755530443e-11,2000.0,270.3807751426539,2.2360071781003446,2.8093025981354828e-06
287,172714.8784846397,A6992,2005.185197625,0.16171874999999997,-2.25,1.0351885083454218e-08,2.7997804565657105e-06,2.236007178026111,7.42553538873008e-11,2000.0,270.4609289993662,2.2360071781003663,2.8101323416491647e-06
288,173314.57840967327,A6992,2005.2032330949999,0.16228124999999996,-2.25,1.0351885083454218e-08,2.800610431122624e-06,2.236007178026111,7.427736634699082e-11,2000.0,270.54110517503113,2.2360071781003885,2.810962316206078e-06
289,173914.27833470685,A6992,2005.2212685650002,0.16284374999999998,-2.25,1.0351885083454218e-08,2.8014406367828164e-06,2.236007178026111,7.429938493596706e-11,2000.0,270.62130367544916,2.2360071781004103,2.8117925218662705e-06
290,174513.97825974043,A6992,2005.2393040349998,0.16340624999999998,-2.25,1.0351885083454218e-08,2.802271073606344e-06,2.236007178026111,7.432140965582232e-11,2000.0,270.7015245064218,2.2360071781004325,2.8126229586897983e-06
291,175113.678184774,A6992,2005.2573395050001,0.16396875,-2.25,1.0351885083454218e-08,2.803101741653278e-06,2.236007178026111,7.43434405081498e-11,2000.0,270.78176767375186,2.2360071781004547,2.8134536267367323e-06
292,175713.37810980759,A6992,2005.275374975,0.16453125,-2.25,1.0351885083454218e-08,2.803932640983701e-06,2.236007178026111,7.4365477494543e-11,2000.0,270.8620331832436,2.2360071781004764,2.814284526067155e-06
293,176313.07803484116,A6992,2005.2934104450003,0.16509375,-2.25,1.0351885083454218e-08,2.8047637716577183e-06,2.236007178026111,7.438752061659602e-11,2000.0,270.942321040703,2.2360071781004986,2.8151156567411725e-06
294,176912.77795987474,A6992,2005.3114459150001,0.16565625,-2.25,1.0351885083454218e-08,2.805595133735438e-06,2.236007178026111,7.440956987590304e-11,2000.0,271.02263125193684,2.2360071781005204,2.815947018818892e-06
295,177512.47788490832,A6992,2005.329481385,0.16621874999999997,-2.25,1.0351885083454218e-08,2.806426727276999e-06,2.236007178026111,7.443162527405906e-11,2000.0,271.10296382275425,2.2360071781005426,2.816778612360453e-06
296,178112.1778099419,A6992,2005.347516855,0.16678124999999996,-2.25,1.0351885083454218e-08,2.807258552342529e-06,2.236007178026111,7.445368681265878e-11,2000.0,271.1833187589639,2.236007178100565,2.817610437425983e-06
297,178711.87773497548,A6992,2005.365552325,0.16734374999999996,-2.25,1.0351885083454218e-08,2.8080906089922e-06,2.236007178026111,7.447575449329807e-11,2000.0,271.2636960663782,2.2360071781005866,2.818442494075654e-06
298,179311.57766000906,A6992,2005.3835877949998,0.16790624999999998,-2.25,1.0351885083454218e-08,2.8089228972861805e-06,2.236007178026111,7.44978283175727e-11,2000.0,271.3440957508097,2.236007178100609,2.8192747823696346e-06
299,179911.27758504264,A6992,2005.4016232650001,0.16846874999999997,-2.25,1.0351885083454218e-08,2.8097554172846506e-06,2.236007178026111,7.451990828707876e-11,2000.0,271.42451781807176,2.236007178100631,2.8201073023681048e-06
300,180510.97751007622,A6992,2005.4196587349998,0.16903124999999997,-2.25,1.0351885083454218e-08,2.810588169047819e-06,2.236007178026111,7.454199440341311e-11,2000.0,271.5049622739804,2.236007178100653,2.820940054131273e-06
301,181110.6774351098,A6992,2005.4376942049998,0.16959375,-2.25,1.0351885083454218e-08,2.8114211526358977e-06,2.236007178026111,7.456408666817267e-11,2000.0,271.5854291243525,2.236007178100675,2.8217730377193518e-06
302,181710.37736014338,A6992,2005.455729675,0.17015625,-2.25,1.0351885083454218e-08,2.8122543681091167e-06,2.236007178026111,7.458618508295487e-11,2000.0,271.6659183750061,2.236007178100697,2.822606253192571e-06
303,182310.07728517696,A6992,2005.4737651450002,0.17071875,-2.25,1.0351885083454218e-08,2.8130878155277208e-06,2.236007178026111,7.460828964935748e-11,2000.0,271.7464300317609,2.2360071781007194,2.823439700611175e-06
304,182909.77721021054,A6992,2005.491800615,0.17128125,-2.25,1.0351885083454218e-08,2.8139214949519724e-06,2.236007178026111,7.463040036897879e-11,2000.0,271.8269641004382,2.2360071781007416,2.8242733800354265e-06
305,183509.47713524412,A6992,2005.509836085,0.17184375000000002,-2.25,1.0351885083454218e-08,2.8147554064421456e-06,2.236007178026111,7.465251724341739e-11,2000.0,271.90752058686076,2.2360071781007638,2.8251072915255998e-06
306,184109.1770602777,A6992,2005.5278715550003,0.17240624999999998,-2.25,1.0351885083454218e-08,2.8155895500585213e-06,2.236007178026111,7.467464027427203e-11,2000.0,271.98809949685176,2.2360071781007855,2.8259414351419754e-06
307,184708.87698531128,A6992,2005.545907025,0.17296875,-2.25,1.0351885083454218e-08,2.816423925861407e-06,2.236007178026111,7.469676946314216e-11,2000.0,272.06870083623664,2.2360071781008077,2.826775810944861e-06
308,185308.57691034485,A6992,2005.5639424949998,0.17353124999999997,-2.25,1.0351885083454218e-08,2.8172585339111228e-06,2.236007178026111,7.471890481162762e-11,2000.0,272.1493246108427,2.23600717810083,2.827610418994577e-06
309,185908.27683537843,A6992,2005.581977965,0.17409374999999996,-2.25,1.0351885083454218e-08,2.8180933742679924e-06,2.236007178026111,7.474104632132828e-11,2000.0,272.22997082649704,2.236007178100852,2.8284452593514465e-06
310,186507.976760412,A6992,2005.6000134349997,0.17465624999999999,-2.25,1.0351885083454218e-08,2.8189284469923676e-06,2.236007178026111,7.476319399384477e-11,2000.0,272.3106394890298,2.2360071781008743,2.8292803320758217e-06
311,187107.6766854456,A6992,2005.618048905,0.17521874999999998,-2.25,1.0351885083454218e-08,2.81976375214461e-06,2.236007178026111,7.478534783077802e-11,2000.0,272.391330604272,2.2360071781008966,2.830115637228064e-06
312,187707.37661047917,A6992,2005.6360843749999,0.17578125,-2.25,1.0351885083454218e-08,2.8205992897850924e-06,2.236007178026111,7.480750783372921e-11,2000.0,272.4720441780555,2.2360071781009188,2.8309511748685465e-06
313,188307.07653551275,A6992,2005.6541198450002,0.17634375,-2.25,1.0351885083454218e-08,2.8214350599742027e-06,2.236007178026111,7.482967400429994e-11,2000.0,272.55278021621405,2.2360071781009405,2.831786945057657e-06
314,188906.77646054633,A6992,2005.672155315,0.17690625000000001,-2.25,1.0351885083454218e-08,2.8222710627723474e-06,2.236007178026111,7.485184634409231e-11,2000.0,272.6335387245829,2.2360071781009627,2.8326229478558016e-06
315,189506.4763855799,A6992,2005.690190785,0.17746875,-2.25,1.0351885083454218e-08,2.8231072982399455e-06,2.236007178026111,7.487402485470874e-11,2000.0,272.7143197089984,2.236007178100985,2.8334591833233996e-06
316,190106.1763106135,A6992,2005.7082262550002,0.17803124999999997,-2.25,1.0351885083454218e-08,2.823943766437432e-06,2.236007178026111,7.489620953775206e-11,2000.0,272.7951231752988,2.236007178101007,2.834295651520886e-06
317,190705.87623564707,A6992,2005.7262617249999,0.17859374999999997,-2.25,1.0351885083454218e-08,2.8247804674252487e-06,2.236007178026111,7.491840039482534e-11,2000.0,272.87594912932275,2.2360071781010293,2.835132352508703e-06
318,191305.57616068065,A6992,2005.7442971949997,0.17915624999999996,-2.25,1.0351885083454218e-08,2.8256174012638635e-06,2.236007178026111,7.494059742753227e-11,2000.0,272.9567975769116,2.2360071781010515,2.8359692863473176e-06
319,191905.27608571423,A6992,2005.762332665,0.17971874999999998,-2.25,1.0351885083454218e-08,2.8264545680137544e-06,2.236007178026111,7.496280063747684e-11,2000.0,273.0376685239073,2.2360071781010737,2.8368064530972086e-06
320,192504.9760107478,A6992,2005.7803681350001,0.18028124999999998,-2.25,1.0351885083454218e-08,2.827291967735402e-06,2.236007178026111,7.498501002626311e-11,2000.0,273.1185619761527,2.236007178101096,2.837643852818856e-06
321,193104.6759357814,A6992,2005.7984036049997,0.18084374999999997,-2.25,1.0351885083454218e-08,2.8281296004893274e-06,2.236007178026111,7.500722559549622e-11,2000.0,273.199477939494,2.236007178101118,2.8384814855727815e-06
322,193704.37586081497,A6992,2005.816439075,0.18140625,-2.25,1.0351885083454218e-08,2.828967466336038e-06,2.236007178026111,7.502944734678091e-11,2000.0,273.28041641977615,2.2360071781011404,2.8393193514194923e-06
323,194304.07578584854,A6992,2005.8344745450001,0.18196874999999998,-2.25,1.0351885083454218e-08,2.8298055653360783e-06,2.236007178026111,7.505167528172298e-11,2000.0,273.3613774228479,2.2360071781011626,2.8401574504195324e-06
324,194903.77571088212,A6992,2005.852510015,0.18253125,-2.25,1.0351885083454218e-08,2.8306438975499962e-06,2.236007178026111,7.507390940192823e-11,2000.0,273.4423609545583,2.2360071781011848,2.8409957826334503e-06
325,195503.4756359157,A6992,2005.8705454849999,0.18309375,-2.25,1.0351885083454218e-08,2.831482463038352e-06,2.236007178026111,7.509614970900284e-11,2000.0,273.5233670207574,2.236007178101207,2.841834348121806e-06
326,196103.17556094928,A6992,2005.8885809550002,0.18365624999999997,-2.25,1.0351885083454218e-08,2.8323212618617234e-06,2.236007178026111,7.511839620455345e-11,2000.0,273.60439562729704,2.2360071781012296,2.8426731469451775e-06
327,196702.87548598286,A6992,2005.9066164249998,0.18421875,-2.25,1.0351885083454218e-08,2.8331602940807117e-06,2.236007178026111,7.514064889018733e-11,2000.0,273.6854467800315,2.236007178101252,2.8435121791641658e-06
328,197302.57541101644,A6992,2005.9246518950001,0.18478125,-2.25,1.0351885083454218e-08,2.8339995597559173e-06,2.236007178026111,7.51629077675117e-11,2000.0,273.7665204848147,2.236007178101274,2.8443514448393714e-06
329,197902.27533605002,A6992,2005.942687365,0.18534374999999997,-2.25,1.0351885083454218e-08,2.8348390589479615e-06,2.236007178026111,7.518517283813435e-11,2000.0,273.8476167475028,2.2360071781012962,2.8451909440314157e-06
330,198501.9752610836,A6992,2005.9607228350003,0.18590624999999997,-2.25,1.0351885083454218e-08,2.835678791717485e-06,2.236007178026111,7.520744410366358e-11,2000.0,273.9287355739536,2.2360071781013184,2.846030676800939e-06
331,199101.67518611718,A6992,2005.9787583050002,0.18646875,-2.25,1.0351885083454218e-08,2.8365187581251435e-06,2.236007178026111,7.52297215657081e-11,2000.0,274.00987697002654,2.2360071781013406,2.8468706432085977e-06
332,199701.37511115076,A6992,2005.996793775,0.18703124999999998,-2.25,1.0351885083454218e-08,2.837358958231597e-06,2.236007178026111,7.525200522587672e-11,2000.0,274.0910409415815,2.236007178101363,2.8477108433150513e-06
333,200301.07503618434,A6992,2006.014829245,0.18759375,-2.25,1.0351885083454218e-08,2.838199392097527e-06,2.236007178026111,7.527429508577883e-11,2000.0,274.1722274944803,2.2360071781013855,2.848551277180981e-06
334,200900.77496121792,A6992,2006.032864715,0.18815625,-2.25,1.0351885083454218e-08,2.8390400597836325e-06,2.236007178026111,7.529659114702428e-11,2000.0,274.2534366345865,2.2360071781014077,2.8493919448670866e-06
335,201500.4748862515,A6992,2006.0509001849998,0.18871875,-2.25,1.0351885083454218e-08,2.8398809613506187e-06,2.236007178026111,7.531889341122306e-11,2000.0,274.3346683677642,2.23600717810143,2.850232846434073e-06
336,202100.17481128508,A6992,2006.0689356550001,0.18928125,-2.25,1.0351885083454218e-08,2.8407220968592127e-06,2.236007178026111,7.53412018799858e-11,2000.0,274.41592269987984,2.236007178101452,2.851073981942667e-06
337,202699.87473631866,A6992,2006.0869711249998,0.18984374999999998,-2.25,1.0351885083454218e-08,2.8415634663701533e-06,2.236007178026111,7.536351655492339e-11,2000.0,274.4971996368008,2.2360071781014748,2.8519153514536074e-06
338,203299.57466135224,A6992,2006.1050065949998,0.19040624999999997,-2.25,1.0351885083454218e-08,2.842405069944194e-06,2.236007178026111,7.538583743764713e-11,2000.0,274.57849918439587,2.236007178101497,2.8527569550276483e-06
339,203899.2745863858,A6992,2006.123042065,0.19096874999999996,-2.25,1.0351885083454218e-08,2.8432469076421032e-06,2.236007178026111,7.54081645297687e-11,2000.0,274.6598213485353,2.236007178101519,2.8535987927255574e-06
340,204498.9745114194,A6992,2006.1410775350002,0.19153124999999996,-2.25,1.0351885083454218e-08,2.844088979524663e-06,2.236007178026111,7.543049783290017e-11,2000.0,274.74116613509074,2.2360071781015414,2.8544408646081173e-06
341,205098.67443645297,A6992,2006.159113005,0.19209374999999998,-2.25,1.0351885083454218e-08,2.8449312856526714e-06,2.236007178026111,7.545283734865399e-11,2000.0,274.82253354993526,2.236007178101564,2.8552831707361256e-06
342,205698.37436148655,A6992,2006.177148475,0.19265624999999997,-2.25,1.0351885083454218e-08,2.8457738260869387e-06,2.236007178026111,7.547518307864298e-11,2000.0,274.9039235989432,2.2360071781015862,2.856125711170393e-06
343,206298.07428652013,A6992,2006.1951839450003,0.19321875,-2.25,1.0351885083454218e-08,2.8466166008882954e-06,2.236007178026111,7.549753502448048e-11,2000.0,274.98533628799095,2.2360071781016084,2.8569684859717495e-06
344,206897.7742115537,A6992,2006.213219415,0.19378125,-2.25,1.0351885083454218e-08,2.8474596101175835e-06,2.236007178026111,7.551989318778012e-11,2000.0,275.0667716229557,2.236007178101631,2.8578114952010376e-06
345,207497.4741365873,A6992,2006.2312548849998,0.19434375,-2.25,1.0351885083454218e-08,2.848302853835656e-06,2.236007178026111,7.554225757015584e-11,2000.0,275.14822960971605,2.2360071781016533,2.85865473891911e-06
346,208097.17406162087,A6992,2006.249290355,0.19490625,-2.25,1.0351885083454218e-08,2.8491463321033803e-06,2.236007178026111,7.556462817322196e-11,2000.0,275.22971025415177,2.2360071781016755,2.8594982171868344e-06
347,208696.87398665445,A6992,2006.2673258249997,0.19546874999999997,-2.25,1.0351885083454218e-08,2.8499900449816495e-06,2.236007178026111,7.558700499859349e-11,2000.0,275.31121356214516,2.236007178101698,2.8603419300651036e-06
348,209296.57391168803,A6992,2006.285361295,0.19603125,-2.25,1.0351885083454218e-08,2.850833992531358e-06,2.236007178026111,7.560938804788543e-11,2000.0,275.39273953957877,2.2360071781017203,2.8611858776148122e-06
349,209896.2738367216,A6992,2006.303396765,0.19659374999999996,-2.25,1.0351885083454218e-08,2.851678174813421e-06,2.236007178026111,7.563177732271337e-11,2000.0,275.4742881923369,2.236007178101743,2.862030059896875e-06
350,210495.9737617552,A6992,2006.3214322350002,0.19715624999999998,-2.25,1.0351885083454218e-08,2.852522591888768e-06,2.236007178026111,7.56541728246933e-11,2000.0,275.55585952630554,2.236007178101765,2.862874476972222e-06
351,211095.67368678877,A6992,2006.339467705,0.19771874999999997,-2.25,1.0351885083454218e-08,2.8533672438183426e-06,2.236007178026111,7.567657455544154e-11,2000.0,275.63745354737176,2.2360071781017874,2.8637191289017967e-06
352,211695.37361182235,A6992,2006.357503175,0.19828124999999996,-2.25,1.0351885083454218e-08,2.854212130663107e-06,2.236007178026111,7.56989825165749e-11,2000.0,275.71907026142463,2.23600717810181,2.864564015746561e-06
353,212295.07353685593,A6992,2006.3755386450002,0.19884374999999999,-2.25,1.0351885083454218e-08,2.8550572524840284e-06,2.236007178026111,7.572139670971038e-11,2000.0,275.8007096743536,2.2360071781018322,2.8654091375674826e-06
354,212894.7734618895,A6992,2006.3935741149999,0.19940625,-2.25,1.0351885083454218e-08,2.8559026093420985e-06,2.236007178026111,7.574381713646558e-11,2000.0,275.88237179205055,2.236007178101855,2.8662544944255526e-06
355,213494.47338692308,A6992,2006.4116095849997,0.19996875,-2.25,1.0351885083454216e-08,2.8567482012983165e-06,2.2360071780261106,7.57662437984583e-11,2000.0,275.964056620408,2.2360071781018767,2.8671000863817706e-06
356,214094.17331195666,A6992,2006.429645055,0.20053125,-2.25,1.0351885083454214e-08,2.8575940284137035e-06,2.23600717802611,7.578867669730694e-11,2000.0,276.0457641653206,2.236007178101899,2.8679459134971576e-06
357,214693.87323699024,A6992,2006.4476805250001,0.20109375000000002,-2.25,1.0351885083454214e-08,2.8584400907492866e-06,2.23600717802611,7.581111583463004e-11,2000.0,276.12749443268376,2.236007178101921,2.8687919758327407e-06
358,215293.57316202382,A6992,2006.4657159949998,0.20165625000000004,-2.25,1.0351885083454214e-08,2.859286388366118e-06,2.23600717802611,7.583356121204685e-11,2000.0,276.2092474283951,2.2360071781019437,2.8696382734495723e-06
359,215893.2730870574,A6992,2006.483751465,0.20221874999999997,-2.25,1.0351885083454214e-08,2.8601329213252533e-06,2.23600717802611,7.585601283117664e-11,2000.0,276.2910231583524,2.2360071781019664,2.8704848064087074e-06
360,216492.97301209098,A6992,2006.5017869350002,0.20278124999999994,-2.25,1.0351885083454214e-08,2.8609796896877693e-06,2.23600717802611,7.58784706936393e-11,2000.0,276.3728216284562,2.2360071781019886,2.8713315747712234e-06
361,217092.67293712456,A6992,2006.519822405,0.20334374999999996,-2.25,1.0351885083454214e-08,2.8618266935147585e-06,2.23600717802611,7.590093480105511e-11,2000.0,276.45464284460775,2.236007178102011,2.8721785785982126e-06
362,217692.37286215814,A6992,2006.5378578749999,0.20390624999999998,-2.25,1.0351885083454214e-08,2.862673932867324e-06,2.23600717802611,7.592340515504464e-11,2000.0,276.5364868127097,2.2360071781020334,2.873025817950778e-06
363,218292.07278719172,A6992,2006.5558933450002,0.20446874999999998,-2.25,1.0351885083454214e-08,2.8635214078065855e-06,2.23600717802611,7.59458817572289e-11,2000.0,276.61835353866627,2.236007178102056,2.8738732928900396e-06
364,218891.7727122253,A6992,2006.5739288149998,0.20503125,-2.25,1.0351885083454214e-08,2.8643691183936794e-06,2.23600717802611,7.596836460922934e-11,2000.0,276.70024302838345,2.2360071781020787,2.8747210034771335e-06
365,219491.47263725888,A6992,2006.5919642850001,0.20559375,-2.25,1.0351885083454214e-08,2.865217064689748e-06,2.23600717802611,7.599085371266755e-11,2000.0,276.7821552877674,2.236007178102101,2.875568949773202e-06
366,220091.17256229246,A6992,2006.609999755,0.20615625,-2.25,1.0351885083454214e-08,2.8660652467559654e-06,2.23600717802611,7.601334906916599e-11,2000.0,276.86409032272763,2.2360071781021236,2.8764171318394195e-06
367,220690.87248732604,A6992,2006.628035225,0.20671875,-2.25,1.0351885083454214e-08,2.8669136646535084e-06,2.23600717802611,7.60358506803472e-11,2000.0,276.94604813917397,2.236007178102146,2.8772655497369625e-06
368,221290.57241235962,A6992,2006.646070695,0.20728125000000003,-2.25,1.0351885083454214e-08,2.8677623184435643e-06,2.23600717802611,7.605835854783395e-11,2000.0,277.02802874301705,2.2360071781021684,2.8781142035270184e-06
369,221890.2723373932,A6992,2006.664106165,0.20784374999999994,-2.25,1.0351885083454214e-08,2.868611208187342e-06,2.23600717802611,7.608087267324965e-11,2000.0,277.1100321401698,2.236007178102191,2.878963093270796e-06
370,222489.97226242677,A6992,2006.682141635,0.20840624999999996,-2.25,1.0351885083454214e-08,2.8694603339460653e-06,2.23600717802611,7.610339305821803e-11,2000.0,277.19205833654627,2.2360071781022137,2.8798122190295194e-06
371,223089.67218746035,A6992,2006.700177105,0.20896874999999995,-2.25,1.0351885083454214e-08,2.870309695780974e-06,2.23600717802611,7.612591970436331e-11,2000.0,277.2741073380626,2.236007178102236,2.8806615808644282e-06
372,223689.37211249393,A6992,2006.7182125749998,0.20953124999999997,-2.25,1.0351885083454214e-08,2.8711592937533204e-06,2.23600717802611,7.614845261330999e-11,2000.0,277.35617915063557,2.2360071781022586,2.8815111788367745e-06
373,224289.0720375275,A6992,2006.7362480450001,0.21009374999999997,-2.25,1.0351885083454214e-08,2.872009127924361e-06,2.23600717802611,7.617099178668273e-11,2000.0,277.4382737801827,2.2360071781022812,2.882361013007815e-06
374,224888.7719625611,A6992,2006.7542835149998,0.21065625,-2.25,1.0351885083454214e-08,2.8728591983553956e-06,2.23600717802611,7.61935372261073e-11,2000.0,277.52039123262557,2.236007178102304,2.8832110834388497e-06
375,225488.47188759467,A6992,2006.7723189849999,0.21121874999999998,-2.25,1.0351885083454214e-08,2.873709505107701e-06,2.23600717802611,7.621608893320888e-11,2000.0,277.6025315138835,2.236007178102326,2.884061390191155e-06
376,226088.17181262825,A6992,2006.790354455,0.21178125,-2.25,1.0351885083454214e-08,2.8745600482425973e-06,2.23600717802611,7.62386469096138e-11,2000.0,277.68469462988025,2.2360071781023487,2.8849119333260515e-06
377,226687.87173766183,A6992,2006.8083899250003,0.21234375,-2.25,1.0351885083454214e-08,2.8754108278214157e-06,2.23600717802611,7.626121115694865e-11,2000.0,277.76688058654025,2.2360071781023714,2.88576271290487e-06
378,227287.5716626954,A6992,2006.8264253950001,0.21290625000000002,-2.25,1.0351885083454214e-08,2.8762618439054825e-06,2.23600717802611,7.628378167683995e-11,2000.0,277.84908938978793,2.236007178102394,2.8866137289889367e-06
379,227887.271587729,A6992,2006.844460865,0.21346875000000004,-2.25,1.0351885083454214e-08,2.8771130965561665e-06,2.23600717802611,7.630635847091529e-11,2000.0,277.93132104555116,2.2360071781024167,2.8874649816396206e-06
380,228486.97151276257,A6992,2006.8624963350003,0.21403124999999998,-2.25,1.0351885083454214e-08,2.8779645858348306e-06,2.23600717802611,7.632894154080213e-11,2000.0,278.0135755597579,2.236007178102439,2.8883164709182847e-06
381,229086.67143779615,A6992,2006.880531805,0.21459374999999994,-2.25,1.0351885083454214e-08,2.878816311802861e-06,2.23600717802611,7.635153088812855e-11,2000.0,278.0958529383381,2.2360071781024615,2.889168196886315e-06
382,229686.37136282973,A6992,2006.8985672749998,0.21515624999999997,-2.25,1.0351885083454214e-08,2.8796682745216533e-06,2.23600717802611,7.637412651452289e-11,2000.0,278.17815318722273,2.236007178102484,2.8900201596051075e-06
383,230286.0712878633,A6992,2006.916602745,0.21571874999999996,-2.25,1.0351885083454214e-08,2.8805204740526233e-06,2.23600717802611,7.639672842161398e-11,2000.0,278.26047631234434,2.236007178102507,2.8908723591360775e-06
384,230885.77121289689,A6992,2006.9346382149997,0.21628124999999998,-2.25,1.0351885083454214e-08,2.8813729104572053e-06,2.23600717802611,7.641933661103121e-11,2000.0,278.3428223196377,2.2360071781025295,2.8917247955406595e-06
385,231485.47113793046,A6992,2006.952673685,0.21684375,-2.25,1.0351885083454214e-08,2.8822255837968376e-06,2.23600717802611,7.644195108440399e-11,2000.0,278.4251912150378,2.236007178102552,2.8925774688802918e-06
386,232085.17106296404,A6992,2006.970709155,0.21740625,-2.25,1.0351885083454214e-08,2.883078494132978e-06,2.23600717802611,7.646457184336233e-11,2000.0,278.50758300448143,2.2360071781025748,2.893430379216432e-06
387,232684.87098799762,A6992,2006.9887446250002,0.21796875,-2.25,1.0351885083454214e-08,2.8839316415271013e-06,2.23600717802611,7.648719888953665e-11,2000.0,278.5899976939071,2.2360071781025974,2.8942835266105555e-06
388,233284.5709130312,A6992,2007.006780095,0.21853125,-2.25,1.0351885083454214e-08,2.8847850260406957e-06,2.23600717802611,7.650983222455772e-11,2000.0,278.6724352892546,2.23600717810262,2.89513691112415e-06
389,233884.27083806478,A6992,2007.024815565,0.21909375000000003,-2.25,1.0351885083454214e-08,2.885638647735258e-06,2.23600717802611,7.653247185005656e-11,2000.0,278.7548957964648,2.2360071781026427,2.8959905328187122e-06
390,234483.97076309836,A6992,2007.0428510350002,0.21965624999999994,-2.25,1.0351885083454214e-08,2.8864925066723167e-06,2.23600717802611,7.655511776766499e-11,2000.0,278.837379221481,2.2360071781026654,2.896844391755771e-06
391,235083.67068813194,A6992,2007.0608865049999,0.22021874999999994,-2.25,1.0351885083454214e-08,2.8873466029133943e-06,2.23600717802611,7.657776997901475e-11,2000.0,278.9198855702467,2.236007178102688,2.8976984879968484e-06
392,235683.37061316552,A6992,2007.0789219749997,0.22078124999999996,-2.25,1.0351885083454214e-08,2.888200936520042e-06,2.23600717802611,7.660042848573825e-11,2000.0,279.00241484870764,2.2360071781027107,2.898552821603496e-06
393,236283.0705381991,A6992,2007.096957445,0.22134374999999998,-2.25,1.0351885083454214e-08,2.8890555075538186e-06,2.23600717802611,7.662309328946817e-11,2000.0,279.0849670628104,2.2360071781027333,2.8994073926372727e-06
394,236882.77046323268,A6992,2007.1149929150001,0.22190624999999997,-2.25,1.0351885083454214e-08,2.8899103160763035e-06,2.23600717802611,7.664576439183769e-11,2000.0,279.1675422185037,2.236007178102756,2.9002622011597576e-06
395,237482.47038826626,A6992,2007.1330283849998,0.22246875,-2.25,1.0351885083454214e-08,2.890765362149087e-06,2.23600717802611,7.666844179448032e-11,2000.0,279.2501403217371,2.2360071781027786,2.901117247232541e-06
396,238082.17031329984,A6992,2007.1510638549998,0.22303125,-2.25,1.0351885083454214e-08,2.8916206458337737e-06,2.23600717802611,7.66911254990299e-11,2000.0,279.33276137846167,2.2360071781028013,2.901972530917228e-06
397,238681.87023833342,A6992,2007.1690993250002,0.22359375,-2.25,1.0351885083454214e-08,2.8924761671919833e-06,2.23600717802611,7.671381550712073e-11,2000.0,279.41540539463,2.236007178102824,2.9028280522754374e-06
398,239281.570163367,A6992,2007.187134795,0.22415625,-2.25,1.0351885083454214e-08,2.8933319262853564e-06,2.23600717802611,7.67365118203876e-11,2000.0,279.4980723761966,2.2360071781028465,2.9036838113688105e-06
399,239881.27008840058,A6992,2007.2051702649999,0.22471875000000002,-2.25,1.0351885083454214e-08,2.8941879231755362e-06,2.23600717802611,7.675921444046543e-11,2000.0,279.58076232911617,2.236007178102869,2.9045398082589904e-06
400,240480.97001343415,A6992,2007.2232057350002,0.22528124999999996,-2.25,1.0351885083454214e-08,2.895044157924194e-06,2.23600717802611,7.678192336898984e-11,2000.0,279.66347525934634,2.2360071781028923,2.905396043007648e-06
401,241080.66993846773,A6992,2007.2412412049998,0.22584374999999995,-2.25,1.0351885083454214e-08,2.895900630593008e-06,2.23600717802611,7.680463860759665e-11,2000.0,279.7462111728451,2.236007178102915,2.906252515676462e-06
402,241680.3698635013,A6992,2007.2592766750001,0.22640624999999995,-2.25,1.0351885083454214e-08,2.896757341243673e-06,2.23600717802611,7.682736015792213e-11,2000.0,279.8289700755723,2.2360071781029376,2.907109226327127e-06
403,242280.0697885349,A6992,2007.277312145,0.22696874999999997,-2.25,1.0351885083454214e-08,2.8976142899379e-06,2.23600717802611,7.685008802160297e-11,2000.0,279.91175197348923,2.2360071781029602,2.9079661750213543e-06
404,242879.76971356847,A6992,2007.295347615,0.22753124999999996,-2.25,1.0351885083454214e-08,2.8984714767374097e-06,2.23600717802611,7.687282220027609e-11,2000.0,279.99455687255823,2.236007178102983,2.908823361820864e-06
405,243479.46963860205,A6992,2007.313383085,0.22809374999999998,-2.25,1.0351885083454214e-08,2.899328901703941e-06,2.23600717802611,7.689556269557897e-11,2000.0,280.0773847787434,2.2360071781030055,2.9096807867873953e-06
406,244079.16956363563,A6992,2007.331418555,0.22865625,-2.25,1.0351885083454214e-08,2.9001865648992514e-06,2.23600717802611,7.691830950914948e-11,2000.0,280.1602356980104,2.2360071781030286,2.9105384499827055e-06
407,244678.8694886692,A6992,2007.3494540250001,0.22921875,-2.25,1.0351885083454214e-08,2.9010444663851065e-06,2.23600717802611,7.69410626426258e-11,2000.0,280.24310963632587,2.2360071781030513,2.9113963514685606e-06
408,245278.5694137028,A6992,2007.367489495,0.22978125,-2.25,1.0351885083454214e-08,2.9019026062232983e-06,2.23600717802611,7.696382209764674e-11,2000.0,280.32600659965897,2.236007178103074,2.9122544913067524e-06
409,245878.26933873637,A6992,2007.3855249649998,0.23034375,-2.25,1.0351885083454214e-08,2.9027609844756136e-06,2.23600717802611,7.698658787585101e-11,2000.0,280.4089265939784,2.2360071781030966,2.9131128695590677e-06
410,246477.96926376995,A6992,2007.4035604350001,0.23090624999999992,-2.25,1.0351885083454214e-08,2.903619601203873e-06,2.23600717802611,7.700935997887822e-11,2000.0,280.491869625256,2.2360071781031197,2.913971486287327e-06
411,247077.66918880353,A6992,2007.4215959049998,0.23146874999999995,-2.25,1.0351885083454214e-08,2.904478456469902e-06,2.23600717802611,7.703213840836808e-11,2000.0,280.57483569946436,2.2360071781031423,2.9148303415533563e-06
412,247677.3691138371,A6992,2007.4396313749999,0.23203124999999994,-2.25,1.0351885083454214e-08,2.9053375503355415e-06,2.23600717802611,7.705492316596071e-11,2000.0,280.657824822577,2.236007178103165,2.9156894354189956e-06
413,248277.0690388707,A6992,2007.457666845,0.23259374999999996,-2.25,1.0351885083454214e-08,2.906196882862658e-06,2.23600717802611,7.707771425329695e-11,2000.0,280.74083700057054,2.236007178103188,2.916548767946112e-06
414,248876.76896390427,A6992,2007.4757023150003,0.23315624999999998,-2.25,1.0351885083454214e-08,2.907056454113113e-06,2.23600717802611,7.710051167201749e-11,2000.0,280.82387223942084,2.2360071781032107,2.917408339196567e-06
415,249476.46888893784,A6992,2007.4937377850001,0.23371874999999998,-2.25,1.0351885083454214e-08,2.907916264148799e-06,2.23600717802611,7.712331542376381e-11,2000.0,280.90693054510666,2.2360071781032334,2.918268149232253e-06
416,250076.16881397142,A6992,2007.511773255,0.23428125,-2.25,1.0351885083454214e-08,2.908776313031624e-06,2.23600717802611,7.714612551017783e-11,2000.0,280.99001192360834,2.2360071781032564,2.919128198115078e-06
417,250675.868739005,A6992,2007.5298087250003,0.23484375,-2.25,1.0351885083454214e-08,2.909636600823495e-06,2.23600717802611,7.716894193290144e-11,2000.0,281.0731163809063,2.236007178103279,2.919988485906949e-06
418,251275.56866403858,A6992,2007.547844195,0.23540625,-2.25,1.0351885083454214e-08,2.9104971275863524e-06,2.23600717802611,7.719176469357742e-11,2000.0,281.15624392298395,2.2360071781033017,2.9208490126698065e-06
419,251875.26858907216,A6992,2007.5658796649998,0.23596875,-2.25,1.0351885083454214e-08,2.9113578933821396e-06,2.23600717802611,7.72145937938486e-11,2000.0,281.23939455582496,2.236007178103325,2.9217097784655937e-06
420,252474.96851410574,A6992,2007.583915135,0.23653125000000003,-2.25,1.0351885083454214e-08,2.912218898272816e-06,2.23600717802611,7.72374292353583e-11,2000.0,281.3225682854149,2.2360071781033475,2.9225707833562703e-06
421,253074.66843913932,A6992,2007.6019506049997,0.23709374999999996,-2.25,1.0351885083454214e-08,2.9130801423203596e-06,2.23600717802611,7.726027101975025e-11,2000.0,281.4057651177406,2.2360071781033706,2.9234320274038137e-06
422,253674.3683641729,A6992,2007.619986075,0.23765624999999993,-2.25,1.0351885083454214e-08,2.9139416255867667e-06,2.23600717802611,7.728311914866872e-11,2000.0,281.4889850587912,2.2360071781033932,2.924293510670221e-06
423,254274.06828920648,A6992,2007.638021545,0.23821874999999995,-2.25,1.0351885083454214e-08,2.914803348134042e-06,2.23600717802611,7.730597362375821e-11,2000.0,281.5722281145562,2.2360071781034163,2.925155233217496e-06
424,254873.76821424006,A6992,2007.6560570150002,0.23878124999999997,-2.25,1.0351885083454214e-08,2.9156653100242e-06,2.23600717802611,7.732883444666343e-11,2000.0,281.6554942910264,2.236007178103439,2.9260171951076543e-06
425,255473.46813927364,A6992,2007.674092485,0.23934374999999997,-2.25,1.0351885083454214e-08,2.9165275113192864e-06,2.23600717802611,7.735170161902996e-11,2000.0,281.73878359419535,2.236007178103462,2.9268793964027405e-06
426,256073.16806430722,A6992,2007.692127955,0.23990625,-2.25,1.0351885083454214e-08,2.917389952081347e-06,2.23600717802611,7.737457514250337e-11,2000.0,281.8220960300569,2.2360071781034847,2.9277418371648012e-06
427,256672.8679893408,A6992,2007.7101634250002,0.24046874999999998,-2.25,1.0351885083454211e-08,2.9182526323724452e-06,2.2360071780261097,7.739745501872968e-11,2000.0,281.90543160460624,2.2360071781035074,2.9286045174558994e-06
428,257272.56791437438,A6992,2007.7281988949999,0.24103125,-2.25,1.0351885083454211e-08,2.919115552254669e-06,2.2360071780261097,7.742034124935561e-11,2000.0,281.98879032384116,2.23600717810353,2.9294674373381233e-06
429,257872.26783940796,A6992,2007.7462343649997,0.24159375,-2.25,1.0351885083454211e-08,2.919978711790108e-06,2.2360071780261097,7.744323383602787e-11,2000.0,282.0721721937596,2.236007178103553,2.930330596873562e-06
430,258471.96776444154,A6992,2007.764269835,0.24215625000000002,-2.25,1.0351885083454211e-08,2.920842111040881e-06,2.2360071780261097,7.746613278039395e-11,2000.0,282.15557722036215,2.2360071781035757,2.931193996124335e-06
431,259071.6676894751,A6992,2007.7823053050001,0.24271874999999993,-2.25,1.0351885083454211e-08,2.921705750069105e-06,2.2360071780261097,7.748903808410135e-11,2000.0,282.23900540964956,2.236007178103599,2.932057635152559e-06
432,259671.3676145087,A6992,2007.8003407749998,0.24328124999999995,-2.25,1.0351885083454211e-08,2.922569628936921e-06,2.2360071780261097,7.751194974879813e-11,2000.0,282.32245676762466,2.2360071781036215,2.932921514020375e-06
433,260271.06753954227,A6992,2007.8183762449999,0.24384374999999994,-2.25,1.0351885083454211e-08,2.9234337477064877e-06,2.2360071780261097,7.753486777613287e-11,2000.0,282.40593130029197,2.2360071781036446,2.933785632789942e-06
434,260870.76746457585,A6992,2007.8364117150002,0.24440624999999996,-2.25,1.0351885083454211e-08,2.9242981064399745e-06,2.2360071780261097,7.75577921677544e-11,2000.0,282.489429013657,2.2360071781036677,2.9346499915234287e-06
435,261470.46738960943,A6992,2007.922714725,0.24496874999999996,-2.25,1.0351885083454239e-08,2.9249574996773846e-06,2.2360071780261155,7.75752804954838e-11,2000.0,282.5531269036633,2.2360071781036908,2.9353093847608387e-06
436,262070.167314643,A6992,2007.922714725,0.24496874999999996,-2.25,1.0351885083454239e-08,2.9249574996773846e-06,2.2360071780261155,7.75752804954838e-11,2000.0,282.5531269036633,2.2360071781036908,2.9353093847608387e-06
437,262200.0,A6992,2007.922714725,0.24496874999999996,-2.25,1.0351885083454239e-08,2.9249574996773846e-06,2.2360071780261155,7.75752804954838e-11,2000.0,282.5531269036633,2.2360071781036908,2.9353093847608387e-06
438,262200.0,A6992,2007.922714725,0.24496874999999996,-2.25,1.0351885083454239e-08,2.9249574996773846e-06,2.2360071780261155,7.75752804954838e-11,2000.0,282.5531269036633,2.2360071781036908,2.9353093847608387e-06
